Entry ID,Name,Email Address,Username,Count of Education Entries,LinkedIn Url,Resume Url,User Exists,Profile is Private,Scrape Blocked for Too Many Requests,Other Error,Presently Employed,Profile Last Updated Date,Tries Remaining,Url Source
john,,,,0,,,true,true,false,false,false,,,https://profiles.udacity.com/u/john
john1,,,,0,,,true,true,false,false,false,,,https://profiles.udacity.com/u/john1
john10,,,,0,,,true,true,false,false,false,,,https://profiles.udacity.com/u/john10
john11,,,,0,,,true,true,false,false,false,,,https://profiles.udacity.com/u/john11
john12,,,,0,,,true,true,false,false,false,,,https://profiles.udacity.com/u/john12
john13,,,,0,,,true,true,false,false,false,,,https://profiles.udacity.com/u/john13
john14,,,,0,,,true,true,false,false,false,,,https://profiles.udacity.com/u/john14
john15,,,,0,,,true,true,false,false,false,,,https://profiles.udacity.com/u/john15
john16,,,,0,,,true,true,false,false,false,,,https://profiles.udacity.com/u/john16
john17,,,,0,,,true,true,false,false,false,,,https://profiles.udacity.com/u/john17
john18,,,,0,,,true,false,true,false,false,,,https://profiles.udacity.com/u/john18
john19,,,,0,,,true,false,true,false,false,,,https://profiles.udacity.com/u/john19
john2,,,,0,,,true,true,false,false,false,,,https://profiles.udacity.com/u/john2
john20,,,,0,,,true,false,true,false,false,,,https://profiles.udacity.com/u/john20
john21,,,,0,,,true,false,true,false,false,,,https://profiles.udacity.com/u/john21
john22,,,,0,,,true,false,true,false,false,,,https://profiles.udacity.com/u/john22
john23,,,,0,,,true,false,true,false,false,,,https://profiles.udacity.com/u/john23
john24,,,,0,,,true,false,true,false,false,,,https://profiles.udacity.com/u/john24
john25,,,,0,,,true,false,true,false,false,,,https://profiles.udacity.com/u/john25
john26,,,,0,,,true,false,true,false,false,,,https://profiles.udacity.com/u/john26
john27,,,,0,,,true,false,true,false,false,,,https://profiles.udacity.com/u/john27
john28,,,,0,,,true,false,true,false,false,,,https://profiles.udacity.com/u/john28
john29,,,,0,,,false,false,true,false,false,,,https://profiles.udacity.com/u/john29
john3,,,,0,,,true,true,false,false,false,,,https://profiles.udacity.com/u/john3
john4,,,,0,,,true,true,false,false,false,,,https://profiles.udacity.com/u/john4
john5,,,,0,,,true,true,false,false,false,,,https://profiles.udacity.com/u/john5
john6,,,,0,,,true,true,false,false,false,,,https://profiles.udacity.com/u/john6
john7,,,,0,,,true,true,false,false,false,,,https://profiles.udacity.com/u/john7
john8,,,,0,,,true,true,false,false,false,,,https://profiles.udacity.com/u/john8
john9,,,,0,,,true,true,false,false,false,,,https://profiles.udacity.com/u/john9
