Respondent ID,Collector ID,Start Date,End Date,IP Address,Email Address,First Name,Last Name,Custom Data 1,Do you contribute to hiring and firing decisions at your company?,"For many professions, alternative credentials can qualify a person for an entry-level position.",It will soon become fairly conventional for high school graduates to obtain alternative credentials instead of going to college.,"When you add up the pros and cons for online education, it's probably a good thing for society overall.","When you add up the pros and cons for artificial intelligence, it's probably a good thing for society overall.","When you add up the pros and cons for cryptocurrency, it's probably a good thing for society overall.","When evaluating an applicant's education, it is important is important to check whether the degree was awarded from a US institution.",Have you heard of any of the following online course providers?,,,,,Do you work in a STEM profession?,Which of these industries most closely matches your profession?,I consider myself religious,I consider myself Christian,Government regulation helps ensure businesses treat individuals more fairly.,Age,Gender,Household Income,Region,Device Type
6948040112,175020213,10/10/2018 16:39,10/10/2018 16:42,75.70.243.51,,,,,Yes,Strongly Agree,Strongly Agree,Strongly Agree,Strongly Disagree,5,5,,Udemy,,,,Unsure,Information Technology,8,8,Strongly Disagree,,,,,
6947746678,175020213,10/9/2018 22:23,10/9/2018 22:25,212.123.31.194,,,,,Yes,8,Strongly Agree,Strongly Agree,Strongly Agree,7,4,,,,,,No,Retail,Strongly Agree,Strongly Disagree,Strongly Disagree,,,,,
6947554009,175027024,10/9/2018 11:55,10/9/2018 11:58,,,,,fdf6157e186cfb373f3e9df6d1,Unemployed,3,4,5,7,5,6,Udacity,,,,,Unsure,Other,Strongly Disagree,Strongly Disagree,9,18-29,Male,Prefer not to answer,Pacific,Android Phone / Tablet
6947553640,175027024,10/9/2018 11:55,10/9/2018 11:57,,,,,3e7b82e322a6fc79136d3f567b,No,Strongly Agree,Strongly Agree,9,6,7,8,,,,,,No,Education,6,6,4,45-60,Male,"$100,000-$124,999",Pacific,Windows Desktop / Laptop
6947553617,175027024,10/9/2018 11:54,10/9/2018 11:57,,,,,529bda82e8a43866b1422f74c0,No,7,5,8,Strongly Agree,5,9,Udacity,Udemy,Coursera,Pluralsight,Lynda.com,Yes,Information Technology,Strongly Disagree,Strongly Disagree,9,30-44,Male,"$200,000+",Pacific,Android Phone / Tablet
6947553592,175027024,10/9/2018 11:53,10/9/2018 11:57,,,,,03203551443b479b8fc818e8ee,Unemployed,8,6,6,6,4,6,,Udemy,Coursera,,,No,Other,Strongly Disagree,Strongly Disagree,Strongly Agree,18-29,Male,"$75,000-$99,999",Middle Atlantic,iOS Phone / Tablet
6947552881,175027024,10/9/2018 11:55,10/9/2018 11:56,,,,,b5ca4908c6a6e8de6800554f17,Yes,6,6,8,4,3,4,,Udemy,,,,No,Information Technology,4,4,4,30-44,Male,"$175,000-$199,999",South Atlantic,Android Phone / Tablet
6947552872,175027024,10/9/2018 11:55,10/9/2018 11:56,,,,,04cde58cb29b3d0f39f34c032c,Yes,4,6,3,6,7,2,,,,Pluralsight,,No,Information Technology,3,6,4,18-29,Male,"$75,000-$99,999",West South Central,Android Phone / Tablet
6947552834,175027024,10/9/2018 11:54,10/9/2018 11:56,,,,,d0ee5d5c03bc1ad5319aa9bdb3,Yes,5,7,7,8,7,4,Udacity,Udemy,Coursera,Pluralsight,Lynda.com,Yes,Information Technology,Strongly Disagree,Strongly Disagree,7,30-44,Male,"$200,000+",Pacific,Android Phone / Tablet
6947552802,175027024,10/9/2018 11:54,10/9/2018 11:56,,,,,0eff884513937ac16d36b4eae4,Yes,Strongly Agree,Strongly Agree,Strongly Agree,Strongly Agree,Strongly Agree,Strongly Agree,Udacity,,,,,Yes,Education,Strongly Agree,Strongly Agree,Strongly Agree,18-29,Male,"$200,000+",New England,iOS Phone / Tablet
6947552739,175027024,10/9/2018 11:53,10/9/2018 11:56,,,,,3a971891a12d21cb10305ffe99,No,8,7,9,6,3,7,,,,,Lynda.com,No,Other,Strongly Disagree,Strongly Disagree,8,18-29,Male,"$10,000-$24,999",East South Central,Android Phone / Tablet
6947552712,175027024,10/9/2018 11:54,10/9/2018 11:55,,,,,3cd71565fb1d3b931948f817f1,No,Strongly Agree,Strongly Agree,Strongly Agree,Strongly Agree,Strongly Agree,Strongly Agree,,,Coursera,,,Unsure,Information Technology,Strongly Agree,Strongly Agree,Strongly Agree,45-60,Male,"$75,000-$99,999",Pacific,iOS Phone / Tablet
6947552687,175027024,10/9/2018 11:53,10/9/2018 11:55,,,,,983eeacac5d25ff3a29b9d2165,No,5,5,5,5,5,5,,,,Pluralsight,,No,Information Technology,Strongly Agree,Strongly Agree,6,30-44,Male,"$75,000-$99,999",Mountain,Android Phone / Tablet
6947552662,175027024,10/9/2018 11:54,10/9/2018 11:55,,,,,6699b5aca0e9bed1c2450c6411,Yes,6,9,Strongly Disagree,Strongly Disagree,Strongly Disagree,Strongly Agree,,,,,,Yes,Health,Strongly Disagree,Strongly Disagree,4,30-44,Male,"$75,000-$99,999",South Atlantic,Android Phone / Tablet
6947552543,175027024,10/9/2018 11:54,10/9/2018 11:55,,,,,83848f91a5a8316206b63f6e04,No,5,4,3,5,Strongly Disagree,8,,,,,Lynda.com,No,Other,Strongly Agree,Strongly Agree,6,18-29,Male,"$0-$9,999",East North Central,Android Phone / Tablet
6947552468,175027024,10/9/2018 11:52,10/9/2018 11:55,,,,,d479572f56c63fd253c775664f,No,2,5,5,4,Strongly Disagree,4,,,,,,Unsure,Transportation,9,9,4,30-44,Male,"$25,000-$49,999",South Atlantic,Android Phone / Tablet
6947552392,175027024,10/9/2018 11:54,10/9/2018 11:55,,,,,072b2c09b0c90de27c67456ba7,No,5,4,8,6,9,6,,,,Pluralsight,,No,Retail,6,6,4,18-29,Male,"$0-$9,999",West South Central,iOS Phone / Tablet
6947552347,175027024,10/9/2018 11:54,10/9/2018 11:55,,,,,d214eac03c441c4492914f91e6,Yes,7,9,5,4,6,8,,,,,Lynda.com,No,Retail,4,2,3,30-44,Male,"$25,000-$49,999",Mountain,iOS Phone / Tablet
6947552069,175027024,10/9/2018 11:52,10/9/2018 11:54,,,,,9ba351acd7e6176f2f6dbcf958,No,4,8,7,7,7,6,,,,,,No,Military,8,8,8,> 60,Male,"$75,000-$99,999",Middle Atlantic,Windows Desktop / Laptop
6947551984,175027024,10/9/2018 11:52,10/9/2018 11:54,,,,,164ff015c51c97bcf8886907c9,Unemployed,7,5,6,6,7,8,Udacity,,,,,Yes,Health,2,Strongly Disagree,6,18-29,Male,"$25,000-$49,999",Middle Atlantic,Android Phone / Tablet
6947551950,175027024,10/9/2018 11:52,10/9/2018 11:54,,,,,216f6e0726230dc96e6242b75b,No,8,Strongly Agree,Strongly Agree,8,4,7,Udacity,Udemy,,,,No,Transportation,5,5,Strongly Disagree,18-29,Male,"$25,000-$49,999",Mountain,iOS Phone / Tablet
6947551729,175027024,10/9/2018 11:52,10/9/2018 11:53,,,,,40711e363972ed8156762a684c,Yes,Strongly Agree,Strongly Agree,Strongly Agree,Strongly Agree,5,5,Udacity,Udemy,Coursera,Pluralsight,Lynda.com,Yes,Information Technology,4,4,Strongly Agree,30-44,Male,"$125,000-$149,999",Middle Atlantic,iOS Phone / Tablet
6947551675,175027024,10/9/2018 11:53,10/9/2018 11:53,,,,,6ca79aee4880f85e2702b611d5,Yes,Strongly Disagree,Strongly Disagree,Strongly Agree,Strongly Agree,9,7,,,,Pluralsight,,Yes,Information Technology,6,7,7,18-29,Male,"$10,000-$24,999",Pacific,iOS Phone / Tablet
6947551654,175027024,10/9/2018 11:49,10/9/2018 11:53,,,,,8c0f1a108881533509cec29e1a,No,4,4,7,8,2,9,,Udemy,,,,No,Health,3,6,4,30-44,Male,"$25,000-$49,999",South Atlantic,iOS Phone / Tablet
6947551630,175027024,10/9/2018 11:51,10/9/2018 11:53,,,,,94615d9095c2b63699562c0a2f,Yes,4,5,3,6,3,7,Udacity,,,,,No,Information Technology,4,4,7,18-29,Female,"$25,000-$49,999",Pacific,iOS Phone / Tablet
6947551582,175027024,10/9/2018 11:51,10/9/2018 11:53,,,,,3b5ad9b7d51d66dc167a26d0b3,No,6,7,7,7,9,7,,,Coursera,,Lynda.com,No,Education,Strongly Disagree,Strongly Disagree,7,> 60,Male,"$50,000-$74,999",East North Central,MacOS Desktop / Laptop
6947551568,175027024,10/9/2018 11:52,10/9/2018 11:53,,,,,9eb71a42f444e8f5f82d82b40c,Unemployed,6,5,7,5,Strongly Disagree,5,,Udemy,,,,No,Other,9,Strongly Agree,8,18-29,Male,"$100,000-$124,999",South Atlantic,Android Phone / Tablet
6947551559,175027024,10/9/2018 11:49,10/9/2018 11:53,,,,,e3d869eda45d781859f5e12539,No,5,4,9,3,5,2,,,Coursera,,,No,Other,9,Strongly Agree,5,30-44,Female,"$75,000-$99,999",South Atlantic,Android Phone / Tablet
6947551501,175027024,10/9/2018 11:51,10/9/2018 11:53,,,,,147fe391118b20013ec342cafe,No,Strongly Disagree,Strongly Disagree,Strongly Disagree,Strongly Disagree,Strongly Disagree,Strongly Agree,,,,,Lynda.com,No,Other,Strongly Agree,Strongly Agree,Strongly Disagree,30-44,Male,"$10,000-$24,999",South Atlantic,Android Phone / Tablet
6947551496,175027024,10/9/2018 11:50,10/9/2018 11:53,,,,,bf8c8fafae58a69d29dddddf93,No,6,9,7,7,8,3,,Udemy,Coursera,,,No,Other,7,7,3,18-29,Male,"$10,000-$24,999",West South Central,Android Phone / Tablet
6947551352,175027024,10/9/2018 11:51,10/9/2018 11:52,,,,,ff88ddfbd5c03f587e68768706,No,8,Strongly Agree,7,5,3,Strongly Agree,,,,,Lynda.com,Yes,Education,Strongly Disagree,Strongly Disagree,7,18-29,Female,"$10,000-$24,999",Mountain,Android Phone / Tablet
6947551060,175027024,10/9/2018 11:51,10/9/2018 11:52,,,,,118e3a2dff08d43514307ed44c,Yes,6,5,6,6,5,6,,,,,,No,Retail,7,7,6,30-44,Female,"$25,000-$49,999",West South Central,Android Phone / Tablet
6947551023,175027024,10/9/2018 11:51,10/9/2018 11:52,,,,,54ca2d5f7aff80ac6158ce10e4,No,9,6,7,4,3,7,,,Coursera,,,No,Education,7,7,6,18-29,Female,"$25,000-$49,999",Middle Atlantic,iOS Phone / Tablet
6947550990,175027024,10/9/2018 11:50,10/9/2018 11:52,,,,,e542604feb14b6221c77388950,Yes,4,7,5,5,5,5,,,Coursera,,Lynda.com,No,Education,5,4,2,30-44,Male,"$150,000-$174,999",Middle Atlantic,iOS Phone / Tablet
6947550975,175027024,10/9/2018 11:49,10/9/2018 11:52,,,,,781dff3badb7ea6d05612917ae,Unemployed,3,3,4,5,4,4,,,,Pluralsight,,No,Other,6,2,Strongly Agree,30-44,Male,"$0-$9,999",South Atlantic,Android Phone / Tablet
6947550865,175027024,10/9/2018 11:51,10/9/2018 11:51,,,,,93bff3ffe3cc8b6f9e4025bdbc,Yes,7,6,7,7,8,8,,,,Pluralsight,,Yes,Energy,7,8,9,18-29,Female,"$25,000-$49,999",South Atlantic,iOS Phone / Tablet
6947550859,175027024,10/9/2018 11:48,10/9/2018 11:51,,,,,9196c2aa9070f63073a0f6927e,No,Strongly Agree,Strongly Agree,7,6,6,3,,,,,,No,Other,5,4,5,18-29,Female,"$75,000-$99,999",West North Central,iOS Phone / Tablet
6947550815,175027024,10/9/2018 11:50,10/9/2018 11:51,,,,,a3c8d5cee54dd60e32ef823d7f,Unemployed,Strongly Agree,3,4,7,5,2,Udacity,,,,,Yes,Other,4,Strongly Disagree,Strongly Agree,18-29,Female,"$50,000-$74,999",Middle Atlantic,Android Phone / Tablet
6947550725,175027024,10/9/2018 11:49,10/9/2018 11:51,,,,,2d0766b85a52cbfb0b67a6f80a,Yes,Strongly Agree,4,3,Strongly Agree,7,8,,,,,,Unsure,"Finance, Investment, or Accounting",9,Strongly Agree,6,18-29,Female,"$125,000-$149,999",West North Central,Windows Desktop / Laptop
6947550694,175027024,10/9/2018 11:50,10/9/2018 11:51,,,,,3ab122d197fc0ca5814dbb8a86,Unemployed,8,6,9,Strongly Disagree,4,4,,,,,,No,Other,8,Strongly Agree,6,18-29,Female,"$25,000-$49,999",West South Central,Android Phone / Tablet
6947550608,175027024,10/9/2018 11:50,10/9/2018 11:51,,,,,52600cfac970a5b62a3cbc56e1,No,4,3,8,8,5,2,Udacity,,,Pluralsight,,No,Military,8,Strongly Disagree,Strongly Disagree,18-29,Male,"$50,000-$74,999",Middle Atlantic,iOS Phone / Tablet
6947550602,175027024,10/9/2018 11:48,10/9/2018 11:51,,,,,e8feca10c51b88230576fd512a,Yes,6,7,6,3,3,8,,,,Pluralsight,,Yes,Education,Strongly Agree,Strongly Agree,7,18-29,Female,Prefer not to answer,East South Central,Android Phone / Tablet
6947550597,175027024,10/9/2018 11:50,10/9/2018 11:51,,,,,c33f2cc51216dfbe7f3898dc7b,No,5,7,6,4,3,3,,,,,Lynda.com,No,Other,Strongly Disagree,2,Strongly Agree,18-29,Female,"$25,000-$49,999",South Atlantic,iOS Phone / Tablet
6947550579,175027024,10/9/2018 11:50,10/9/2018 11:51,,,,,0d569f6a06a35d6131f0689f35,No,Strongly Disagree,Strongly Disagree,Strongly Disagree,Strongly Disagree,Strongly Disagree,Strongly Disagree,,,,Pluralsight,,Yes,Education,Strongly Disagree,Strongly Disagree,Strongly Disagree,18-29,Female,"$25,000-$49,999",East North Central,iOS Phone / Tablet
6947550494,175027024,10/9/2018 11:47,10/9/2018 11:51,,,,,97a5c1b67bb514b68afe43604c,No,7,7,5,8,3,Strongly Agree,Udacity,Udemy,,,Lynda.com,Yes,Information Technology,Strongly Agree,Strongly Agree,2,45-60,Female,"$100,000-$124,999",East North Central,Windows Desktop / Laptop
6947550442,175027024,10/9/2018 11:49,10/9/2018 11:51,,,,,28cccc49af04929ea93ea2dfaf,No,5,6,7,9,5,4,,,Coursera,,Lynda.com,No,Education,Strongly Agree,Strongly Disagree,5,18-29,Male,"$25,000-$49,999",Middle Atlantic,Android Phone / Tablet
6947550399,175027024,10/9/2018 11:50,10/9/2018 11:51,,,,,526839dcd05800dde384aad4de,Yes,Strongly Agree,9,Strongly Agree,Strongly Agree,6,9,,,,Pluralsight,,Yes,Education,8,7,8,18-29,Female,"$25,000-$49,999",South Atlantic,Android Phone / Tablet
6947550334,175027024,10/9/2018 11:47,10/9/2018 11:50,,,,,70f1a337913d56b24f861044fb,No,2,7,7,8,5,Strongly Agree,,,Coursera,,,No,Other,8,Strongly Agree,8,30-44,Male,"$25,000-$49,999",West South Central,Android Phone / Tablet
6947550279,175027024,10/9/2018 11:49,10/9/2018 11:50,,,,,9f8f068988b6e2d9eb1713dabc,Yes,3,8,5,7,3,9,,,Coursera,,,Yes,"Finance, Investment, or Accounting",8,5,Strongly Disagree,30-44,Male,"$75,000-$99,999",Mountain,iOS Phone / Tablet
6947550199,175027024,10/9/2018 11:48,10/9/2018 11:50,,,,,e31f13524a9ba6bb792f76af15,No,7,6,5,4,3,7,Udacity,Udemy,Coursera,,Lynda.com,No,Retail,3,3,7,18-29,Female,"$50,000-$74,999",Pacific,iOS Phone / Tablet
6947550190,175027024,10/9/2018 11:49,10/9/2018 11:50,,,,,53de1a3944a436807bea59a32e,Yes,Strongly Agree,8,8,9,8,8,,Udemy,Coursera,,Lynda.com,Yes,Education,Strongly Agree,4,8,18-29,Male,"$75,000-$99,999",Mountain,iOS Phone / Tablet
6947550173,175027024,10/9/2018 11:47,10/9/2018 11:50,,,,,dc239ac83a5c8a528f0213e928,No,8,9,7,6,7,4,,,,,Lynda.com,No,Other,9,2,6,18-29,Female,"$10,000-$24,999",Mountain,iOS Phone / Tablet
6947550080,175027024,10/9/2018 11:47,10/9/2018 11:50,,,,,adcb0ffddb5f4667e9931d7f98,No,6,8,Strongly Agree,Strongly Agree,5,6,,Udemy,,,,No,Retail,8,8,5,18-29,Female,"$10,000-$24,999",South Atlantic,iOS Phone / Tablet
6947550077,175027024,10/9/2018 11:46,10/9/2018 11:50,,,,,121ee08257fd579543d75cd656,No,8,Strongly Agree,9,5,4,2,,,,Pluralsight,,Unsure,"Finance, Investment, or Accounting",7,7,6,30-44,Female,"$25,000-$49,999",West South Central,Android Phone / Tablet
6947550062,175027024,10/9/2018 11:49,10/9/2018 11:50,,,,,584e8a1d582749c7d6b31781d4,No,Strongly Agree,Strongly Agree,Strongly Agree,Strongly Agree,Strongly Agree,Strongly Agree,,Udemy,,,,No,Health,5,5,Strongly Agree,30-44,Female,"$25,000-$49,999",East North Central,Android Phone / Tablet
6947550038,175027024,10/9/2018 11:47,10/9/2018 11:50,,,,,746a4121cd9e5ced84b8849ce7,No,7,9,7,3,4,8,,,,,,No,Manufacturing,Strongly Agree,Strongly Agree,9,30-44,Female,"$25,000-$49,999",East South Central,Android Phone / Tablet
6947550034,175027024,10/9/2018 11:48,10/9/2018 11:50,,,,,16b233421c837b7180c2b3a439,No,Strongly Agree,Strongly Disagree,8,6,5,7,,,,,Lynda.com,No,Health,6,9,Strongly Disagree,18-29,Female,"$50,000-$74,999",South Atlantic,iOS Phone / Tablet
6947550024,175027024,10/9/2018 11:48,10/9/2018 11:50,,,,,dedabdd2ea9002f3700bb71c73,No,Strongly Agree,Strongly Agree,Strongly Disagree,Strongly Agree,5,Strongly Agree,,,,,,Yes,Manufacturing,6,Strongly Agree,Strongly Agree,30-44,Female,"$25,000-$49,999",East North Central,Android Phone / Tablet
6947550007,175027024,10/9/2018 11:48,10/9/2018 11:50,,,,,cfd4aae4c773da6a188bbbd4c8,No,6,4,7,3,6,5,,,Coursera,,,No,Retail,Strongly Agree,Strongly Agree,8,18-29,Female,"$25,000-$49,999",East South Central,iOS Phone / Tablet
6947549998,175027024,10/9/2018 11:47,10/9/2018 11:50,,,,,88f81638f9358a796520780438,No,8,Strongly Agree,8,5,7,5,Udacity,Udemy,Coursera,Pluralsight,Lynda.com,No,Agriculture,4,Strongly Agree,7,18-29,Male,"$10,000-$24,999",Pacific,iOS Phone / Tablet
6947549881,175027024,10/9/2018 11:47,10/9/2018 11:50,,,,,ca973672783461cf885f3bdaaf,Yes,Strongly Agree,8,8,6,Strongly Disagree,8,Udacity,Udemy,Coursera,Pluralsight,Lynda.com,Yes,Information Technology,Strongly Agree,Strongly Agree,7,18-29,Male,"$0-$9,999",South Atlantic,iOS Phone / Tablet
6947549793,175027024,10/9/2018 11:48,10/9/2018 11:49,,,,,e9a720b89e49a15538cc3b342f,Yes,7,7,7,6,6,3,,,,,Lynda.com,No,"Finance, Investment, or Accounting",6,Strongly Disagree,3,18-29,Male,"$25,000-$49,999",East South Central,Android Phone / Tablet
6947549760,175027024,10/9/2018 11:49,10/9/2018 11:49,,,,,7a9f2c778ee87418eb64f211ae,Yes,Strongly Agree,Strongly Agree,Strongly Agree,Strongly Agree,Strongly Agree,9,Udacity,,,Pluralsight,,Yes,Information Technology,3,8,8,30-44,Female,"$50,000-$74,999",New England,iOS Phone / Tablet
6947549621,175027024,10/9/2018 11:47,10/9/2018 11:49,,,,,cc3573c51889c2078cf6775b1b,No,Strongly Agree,Strongly Agree,Strongly Agree,6,Strongly Disagree,5,Udacity,,,,,No,Health,3,Strongly Agree,8,30-44,Female,"$25,000-$49,999",East North Central,Android Phone / Tablet
6947549583,175027024,10/9/2018 11:48,10/9/2018 11:49,,,,,6a26ca3ae2b584a4e68e573639,Yes,8,7,8,8,7,8,Udacity,Udemy,Coursera,Pluralsight,,Yes,"Finance, Investment, or Accounting",6,8,7,18-29,Female,"$50,000-$74,999",Middle Atlantic,Android Phone / Tablet
6947549554,175027024,10/9/2018 11:48,10/9/2018 11:49,,,,,a5ab08113e301e0a1c158ff3c9,No,6,6,7,7,5,Strongly Disagree,,,,Pluralsight,,No,Health,Strongly Disagree,Strongly Disagree,7,30-44,Female,"$75,000-$99,999",West North Central,Android Phone / Tablet
6947549550,175027024,10/9/2018 11:46,10/9/2018 11:49,,,,,2d0f4c48db453de8233264cfd2,Yes,9,6,7,6,5,8,,,,,Lynda.com,No,Other,3,Strongly Disagree,6,18-29,Female,"$25,000-$49,999",East North Central,iOS Phone / Tablet
6947549506,175027024,10/9/2018 11:48,10/9/2018 11:49,,,,,a0915e29651201941f6af53705,Yes,6,3,4,5,6,7,Udacity,,,,,No,Health,7,4,6,18-29,Male,"$100,000-$124,999",East North Central,iOS Phone / Tablet
6947549441,175027024,10/9/2018 11:47,10/9/2018 11:49,,,,,a843d4b180b6828656522888e2,Yes,8,8,4,5,5,3,,,,,Lynda.com,Unsure,Other,Strongly Agree,Strongly Agree,4,30-44,Male,"$25,000-$49,999",Middle Atlantic,Android Phone / Tablet
6947549369,175027024,10/9/2018 11:47,10/9/2018 11:48,,,,,c6c8cb6b54434c0bc9ceacb694,No,Strongly Agree,Strongly Disagree,Strongly Disagree,4,4,Strongly Disagree,,,,Pluralsight,,Unsure,Information Technology,8,8,Strongly Disagree,30-44,Female,"$100,000-$124,999",South Atlantic,iOS Phone / Tablet
6947549351,175027024,10/9/2018 11:47,10/9/2018 11:48,,,,,d3b9d052856c729bcd6dd97164,No,8,Strongly Agree,Strongly Agree,7,6,4,,Udemy,Coursera,,Lynda.com,No,Other,Strongly Disagree,Strongly Disagree,Strongly Disagree,45-60,Female,"$25,000-$49,999",Pacific,Android Phone / Tablet
6947549211,175027024,10/9/2018 11:46,10/9/2018 11:48,,,,,a7259cd665d3a625632ed98721,No,6,8,8,5,6,5,Udacity,,,,,No,Other,4,5,4,30-44,Male,"$50,000-$74,999",New England,iOS Phone / Tablet
6947549188,175027024,10/9/2018 11:46,10/9/2018 11:48,,,,,875241c7b7a79630e85201763e,Yes,6,6,5,7,4,8,Udacity,,,,,No,Energy,2,2,Strongly Agree,45-60,Male,"$25,000-$49,999",New England,Android Phone / Tablet
6947549107,175027024,10/9/2018 11:47,10/9/2018 11:48,,,,,3dd2ec21393b3cfd1062fcab5c,No,7,6,8,3,4,4,Udacity,,,,,No,Transportation,Strongly Disagree,Strongly Disagree,3,18-29,Female,"$75,000-$99,999",West North Central,Android Phone / Tablet
6947548966,175027024,10/9/2018 11:46,10/9/2018 11:48,,,,,ac03c4be3182a93b84d21077fc,Yes,8,6,6,3,Strongly Disagree,4,,,,,,No,Other,5,7,3,> 60,Female,"$75,000-$99,999",Middle Atlantic,Windows Desktop / Laptop
6947548952,175027024,10/9/2018 11:46,10/9/2018 11:48,,,,,9e949e6e40266b354946a7e501,Unemployed,8,5,6,6,7,4,,,Coursera,,,No,Other,8,Strongly Agree,6,18-29,Male,Prefer not to answer,West South Central,Android Phone / Tablet
6947548935,175027024,10/9/2018 11:47,10/9/2018 11:48,,,,,7805fa5015b796afaab086da6c,No,6,6,6,5,5,5,,Udemy,,,,No,Information Technology,6,5,5,18-29,Male,"$10,000-$24,999",South Atlantic,iOS Phone / Tablet
6947548842,175027024,10/9/2018 11:47,10/9/2018 11:47,,,,,fbc68dd1257be3f3714f4697bf,No,4,5,6,6,6,5,,,,Pluralsight,,No,Law,7,6,7,18-29,Female,"$50,000-$74,999",New England,iOS Phone / Tablet
6947548832,175027024,10/9/2018 11:45,10/9/2018 11:47,,,,,dfdad033dc63f085829bb293cf,No,7,6,6,5,4,7,,,,,Lynda.com,Yes,Information Technology,Strongly Agree,Strongly Agree,8,18-29,Male,"$50,000-$74,999",Mountain,Android Phone / Tablet
6947548798,175027024,10/9/2018 11:46,10/9/2018 11:47,,,,,2e4db56d6e6f468b52b31a4256,Unemployed,Strongly Agree,7,5,4,Strongly Disagree,8,,,,,,No,Law,Strongly Agree,Strongly Agree,5,18-29,Female,Prefer not to answer,West South Central,iOS Phone / Tablet
6947548788,175027024,10/9/2018 11:46,10/9/2018 11:47,,,,,055df3f722fa48ff0d0a7fc76c,No,4,4,Strongly Disagree,4,3,7,,,,,,Unsure,Education,3,4,4,18-29,Female,"$0-$9,999",Middle Atlantic,Android Phone / Tablet
6947548724,175027024,10/9/2018 11:46,10/9/2018 11:48,,,,,eb6adcba4df449dddf813e88d8,Yes,2,2,2,4,4,3,,,Coursera,,,No,Energy,4,4,4,18-29,Male,"$75,000-$99,999",Pacific,Other
6947548707,175027024,10/9/2018 11:46,10/9/2018 11:47,,,,,cfe0b4b13eb2171aa781b25824,Yes,5,3,6,8,5,4,,,,,Lynda.com,Unsure,"Finance, Investment, or Accounting",6,8,5,30-44,Female,"$0-$9,999",New England,Android Phone / Tablet
6947548680,175027024,10/9/2018 11:46,10/9/2018 11:47,,,,,3676df57b9ba90da84c17dc736,No,7,Strongly Agree,6,7,8,4,,Udemy,,,,No,Other,8,9,6,18-29,Female,Prefer not to answer,South Atlantic,iOS Phone / Tablet
6947548637,175027024,10/9/2018 11:46,10/9/2018 11:47,,,,,fc82bcbb564ae93aae9c89e0df,Yes,5,5,4,4,4,4,,,,Pluralsight,,No,Law,6,6,5,18-29,Female,"$0-$9,999",East South Central,Android Phone / Tablet
6947548390,175027024,10/9/2018 11:46,10/9/2018 11:46,,,,,d033381b66bc992ce84e191432,No,Strongly Disagree,3,4,4,6,Strongly Disagree,,,,,Lynda.com,No,Retail,3,2,2,30-44,Female,"$0-$9,999",South Atlantic,iOS Phone / Tablet
6947504766,175020213,10/9/2018 10:05,10/9/2018 10:07,76.238.236.31,,,,,Yes,7,5,Strongly Agree,8,Strongly Agree,4,Udacity,Udemy,Coursera,Pluralsight,Lynda.com,Yes,Information Technology,3,Strongly Disagree,6,,,,,
6947484189,175020213,10/9/2018 9:14,10/9/2018 9:16,76.92.65.204,,,,,No,8,9,Strongly Agree,Strongly Agree,Strongly Agree,3,,,,,,Yes,Information Technology,2,2,5,,,,,
6947284859,175020213,10/8/2018 16:59,10/8/2018 17:02,82.239.63.101,,,,,Unemployed,Strongly Agree,4,6,8,5,3,,,,,,No,Other,Strongly Disagree,Strongly Disagree,4,,,,,
6947014235,175020213,10/8/2018 3:08,10/8/2018 3:10,88.130.54.178,,,,,Unemployed,Strongly Agree,6,6,6,4,3,,,,,,No,Other,Strongly Disagree,Strongly Disagree,Strongly Agree,,,,,
6946967393,175020213,10/7/2018 21:26,10/7/2018 21:27,73.24.19.164,,,,,No,Strongly Agree,2,7,3,Strongly Disagree,Strongly Agree,,,,,,Yes,Other,2,2,Strongly Agree,,,,,
6946880595,175020213,10/7/2018 12:42,10/7/2018 12:44,96.66.84.66,,,,,Yes,2,Strongly Disagree,5,7,2,2,,,,,Lynda.com,Yes,Information Technology,Strongly Disagree,Strongly Disagree,9,,,,,
6946818921,175020213,10/7/2018 6:27,10/7/2018 6:28,92.117.146.25,,,,,Yes,5,6,6,6,4,8,,,,,,No,Health,Strongly Disagree,Strongly Disagree,7,,,,,
6946790561,175020213,10/7/2018 2:15,10/7/2018 2:17,108.60.187.139,,,,,No,6,5,3,3,2,Strongly Disagree,Udacity,,,,,No,Health,Strongly Disagree,Strongly Disagree,4,,,,,
6946779888,175020213,10/6/2018 23:53,10/6/2018 23:55,104.59.109.37,,,,,Unemployed,8,Strongly Agree,6,6,3,6,,,,,Lynda.com,Yes,Other,Strongly Disagree,3,8,,,,,
6946747587,175020213,10/6/2018 18:43,10/6/2018 18:45,94.146.221.22,,,,,Yes,6,6,8,5,5,Strongly Disagree,Udacity,Udemy,,,,No,Other,Strongly Disagree,Strongly Disagree,2,,,,,
6946738411,175020213,10/6/2018 17:33,10/6/2018 17:35,68.98.182.234,,,,,No,9,8,6,Strongly Agree,5,4,Udacity,,Coursera,,,Yes,"Finance, Investment, or Accounting",3,3,4,,,,,
6946735281,175020213,10/6/2018 17:10,10/6/2018 17:13,67.171.116.161,,,,,No,Strongly Agree,7,Strongly Agree,8,7,5,Udacity,Udemy,Coursera,Pluralsight,Lynda.com,Yes,Education,Strongly Agree,Strongly Agree,7,,,,,
6946724127,175020213,10/6/2018 15:55,10/6/2018 15:56,75.60.1.49,,,,,Yes,9,Strongly Agree,8,Strongly Agree,Strongly Agree,9,,,Coursera,,Lynda.com,No,"Finance, Investment, or Accounting",Strongly Agree,Strongly Agree,6,,,,,
6946724069,175020213,10/6/2018 15:52,10/6/2018 15:56,47.221.156.181,,,,,No,8,8,Strongly Agree,3,5,8,Udacity,Udemy,Coursera,,,No,Manufacturing,Strongly Agree,Strongly Agree,3,,,,,
6946722230,175020215,10/6/2018 15:43,10/6/2018 15:44,,,,,90b6fe2112da955a116e4ea748,No,8,Strongly Agree,7,2,Strongly Disagree,7,,,,,,No,Education,2,5,Strongly Agree,45-60,Female,"$50,000-$74,999",South Atlantic,iOS Phone / Tablet
6946722119,175020215,10/6/2018 15:38,10/6/2018 15:43,,,,,e3b4d816d094037c4d5a18baa4,No,3,6,5,3,8,4,,,,,,No,Other,6,6,6,45-60,Female,"$100,000-$124,999",West South Central,iOS Phone / Tablet
6946721646,175020215,10/6/2018 15:39,10/6/2018 15:40,,,,,f4fba88b7de39db397ca0a20a9,No,Strongly Agree,8,7,3,4,5,,,,,,Unsure,Other,4,5,4,18-29,Male,"$25,000-$49,999",East North Central,Android Phone / Tablet
6946721221,175020215,10/6/2018 15:36,10/6/2018 15:38,,,,,de6adb021c749de1910a350a7a,Yes,5,6,3,4,5,5,,,Coursera,,,Yes,Transportation,6,7,4,45-60,Female,"$150,000-$174,999",South Atlantic,iOS Phone / Tablet
6946720996,175020238,10/6/2018 15:32,10/6/2018 15:36,104.200.35.247,,,,,Yes,8,9,Strongly Agree,8,Strongly Agree,7,,,,,Lynda.com,Yes,Energy,9,Strongly Agree,8,,,,,
6946720986,175020215,10/6/2018 15:35,10/6/2018 15:36,,,,,70179b574e41e291af612831f4,Yes,7,Strongly Disagree,5,5,3,2,,,,,,No,Education,7,6,Strongly Agree,45-60,Male,"$75,000-$99,999",Mountain,Windows Desktop / Laptop
6946720520,175020215,10/6/2018 15:32,10/6/2018 15:34,,,,,17c0e9d0c6c6ff9f7581e14cbe,No,8,Strongly Disagree,5,Strongly Disagree,Strongly Disagree,Strongly Agree,,,,,,No,Education,8,5,Strongly Disagree,30-44,Female,"$10,000-$24,999",Pacific,Windows Desktop / Laptop
6946720511,175020238,10/6/2018 15:32,10/6/2018 15:34,64.183.114.58,,,,,Yes,7,3,9,8,3,7,Udacity,Udemy,Coursera,Pluralsight,Lynda.com,Yes,Information Technology,Strongly Disagree,Strongly Disagree,7,,,,,
6946720375,175020215,10/6/2018 15:28,10/6/2018 15:33,,,,,025d8aa096d1111db5bc8bae2a,Yes,6,3,4,5,6,5,,,,,,No,Education,6,Strongly Agree,8,30-44,Male,"$50,000-$74,999",South Atlantic,MacOS Desktop / Laptop
6946720043,175020215,10/6/2018 15:29,10/6/2018 15:31,,,,,ddc025615f87af6ed94f81469f,No,Strongly Agree,Strongly Agree,6,4,Strongly Disagree,7,,,,,,No,Health,Strongly Disagree,Strongly Disagree,Strongly Disagree,> 60,Female,"$50,000-$74,999",Pacific,Windows Desktop / Laptop
6946720011,175020215,10/6/2018 15:29,10/6/2018 15:31,,,,,fee07f68f29a06034ce29b01f2,No,4,3,Strongly Agree,Strongly Agree,8,5,,,,,Lynda.com,Yes,Information Technology,Strongly Disagree,Strongly Disagree,7,18-29,Male,"$50,000-$74,999",New England,Windows Desktop / Laptop
6946719990,175020215,10/6/2018 15:29,10/6/2018 15:31,,,,,d5e59ddb63a47a63388f4b3b7f,No,8,6,8,5,5,6,,,Coursera,,,Yes,Agriculture,4,4,5,45-60,Female,"$50,000-$74,999",West North Central,iOS Phone / Tablet
6946719985,175020215,10/6/2018 15:28,10/6/2018 15:30,,,,,ae42aa782d5ba1e302b8f3c679,Unemployed,7,7,7,7,7,7,Udacity,,,,,No,Other,8,8,5,30-44,Male,Prefer not to answer,Middle Atlantic,Windows Desktop / Laptop
6946719840,175020215,10/6/2018 15:28,10/6/2018 15:30,,,,,7693f067b4f9333340a187e785,Yes,6,6,3,6,Strongly Disagree,4,,Udemy,Coursera,,Lynda.com,Yes,Information Technology,Strongly Disagree,Strongly Disagree,8,30-44,Female,Prefer not to answer,Pacific,iOS Phone / Tablet
6946719643,175020215,10/6/2018 15:26,10/6/2018 15:29,,,,,6f0d0838dc98e86ac57f7221c1,No,6,2,7,5,6,7,,,Coursera,,,No,Energy,9,Strongly Agree,8,18-29,Female,"$0-$9,999",Pacific,iOS Phone / Tablet
6946719230,175020215,10/6/2018 15:24,10/6/2018 15:26,,,,,287ea164d434095af8eaf88f53,No,Strongly Agree,9,Strongly Agree,4,2,2,,,Coursera,,,Yes,Health,Strongly Disagree,Strongly Disagree,8,30-44,Male,"$150,000-$174,999",Middle Atlantic,iOS Phone / Tablet
6946718953,175020215,10/6/2018 15:22,10/6/2018 15:25,,,,,620864251d7c3b5c06b25ffdf1,Unemployed,2,Strongly Agree,9,9,9,Strongly Agree,,,,,,No,Other,9,Strongly Agree,7,> 60,Female,Prefer not to answer,Middle Atlantic,iOS Phone / Tablet
6946718732,175020215,10/6/2018 15:20,10/6/2018 15:23,,,,,57af7a166fb43766578ab71c66,Unemployed,4,2,4,Strongly Disagree,7,3,Udacity,,,,Lynda.com,Unsure,Other,Strongly Disagree,Strongly Disagree,Strongly Agree,18-29,Female,Prefer not to answer,,Other
6946718516,175020238,10/6/2018 15:06,10/6/2018 15:22,196.18.226.227,,,,,Yes,9,8,8,8,9,9,,Udemy,,,,Yes,Information Technology,9,9,8,,,,,
6946718099,175020215,10/6/2018 15:17,10/6/2018 15:19,,,,,170c2f2af705dd421a7f9bb299,Unemployed,6,7,5,5,2,6,,,,,,No,Other,6,8,4,> 60,Female,"$25,000-$49,999",Pacific,iOS Phone / Tablet
6946717556,175020215,10/6/2018 15:13,10/6/2018 15:16,,,,,29bcf610c2bd1fd777f31efefd,Unemployed,8,6,9,7,2,7,,,,,,Yes,Information Technology,Strongly Disagree,Strongly Disagree,Strongly Agree,45-60,Male,"$75,000-$99,999",Pacific,Windows Desktop / Laptop
6946717492,175020215,10/6/2018 15:14,10/6/2018 15:15,,,,,8ab525cd153797c02697f4b960,Unemployed,8,8,9,8,5,3,Udacity,Udemy,Coursera,,,No,Other,3,2,9,18-29,Male,"$75,000-$99,999",Pacific,Windows Desktop / Laptop
6946717382,175020215,10/6/2018 15:13,10/6/2018 15:15,,,,,d83d94af54e6db0aad41588580,No,5,5,Strongly Agree,Strongly Agree,6,3,,Udemy,,,,No,Education,Strongly Disagree,Strongly Disagree,5,18-29,Female,"$25,000-$49,999",Pacific,Android Phone / Tablet
6946717378,175020215,10/6/2018 15:12,10/6/2018 15:16,,,,,db1155215d59a9a88b659a1550,Unemployed,Strongly Agree,Strongly Agree,8,5,5,8,,,,,,No,Information Technology,Strongly Disagree,Strongly Disagree,8,> 60,Male,"$50,000-$74,999",West North Central,Android Phone / Tablet
6946717374,175020215,10/6/2018 15:13,10/6/2018 15:15,,,,,dc9baae60cfc3a5a4e5bd5cb42,Unemployed,2,8,3,8,Strongly Disagree,Strongly Agree,,,,,,No,Energy,Strongly Disagree,Strongly Disagree,Strongly Agree,> 60,Female,"$50,000-$74,999",Pacific,Windows Desktop / Laptop
6946717117,175020215,10/6/2018 15:12,10/6/2018 15:13,,,,,80665b63337e648db7aeca9303,No,Strongly Disagree,Strongly Disagree,2,Strongly Agree,4,6,,,,,,Yes,Other,Strongly Disagree,Strongly Disagree,2,18-29,Male,"$50,000-$74,999",Middle Atlantic,Android Phone / Tablet
6946717004,175020215,10/6/2018 15:11,10/6/2018 15:13,,,,,a0b33bf4d787671f8b238cf450,No,7,6,5,6,5,Strongly Disagree,,,,,,No,Retail,Strongly Disagree,Strongly Disagree,3,18-29,Female,"$100,000-$124,999",Middle Atlantic,Android Phone / Tablet
6946716806,175020215,10/6/2018 15:08,10/6/2018 15:11,,,,,d26298f43a224b40d937aeb272,No,8,5,7,5,5,8,,,,,,No,Education,Strongly Agree,9,9,> 60,Female,"$100,000-$124,999",South Atlantic,Windows Desktop / Laptop
6946716772,175020215,10/6/2018 15:08,10/6/2018 15:11,,,,,952d0751f6d9d8c6127080d613,No,8,5,9,7,6,4,Udacity,Udemy,Coursera,,Lynda.com,No,Other,Strongly Agree,Strongly Agree,Strongly Agree,18-29,Male,"$25,000-$49,999",South Atlantic,Windows Desktop / Laptop
6946716765,175020215,10/6/2018 15:09,10/6/2018 15:11,,,,,7e07940134d547207ff2bad5bf,No,8,8,6,5,4,8,,,,,,No,Education,9,9,8,> 60,Female,"$10,000-$24,999",Pacific,Windows Desktop / Laptop
6946716529,175020215,10/6/2018 15:07,10/6/2018 15:10,,,,,82f05b9c443aa2c61fbcb934db,No,6,6,6,6,6,6,,,,,,No,Retail,3,3,Strongly Disagree,18-29,Male,"$0-$9,999",Middle Atlantic,Windows Desktop / Laptop
6946716017,175020215,10/6/2018 15:05,10/6/2018 15:07,,,,,c46bce2f3a4605cd9cd131e0c0,No,6,6,9,3,3,5,Udacity,,,,,No,Other,Strongly Agree,Strongly Agree,5,> 60,Female,"$75,000-$99,999",South Atlantic,iOS Phone / Tablet
6946715914,175020215,10/6/2018 15:05,10/6/2018 15:06,,,,,eceef37c7ab8088d8388bbc00b,No,3,6,5,7,6,6,,,,,,No,Other,Strongly Disagree,Strongly Disagree,8,18-29,Female,"$0-$9,999",East North Central,Android Phone / Tablet
6946715881,175020215,10/6/2018 15:04,10/6/2018 15:06,,,,,ac9a5594b85a7f998b1165b720,Yes,Strongly Agree,Strongly Disagree,5,4,4,Strongly Agree,,,,,,No,Other,Strongly Agree,Strongly Agree,5,30-44,Male,"$50,000-$74,999",East North Central,Android Phone / Tablet
6946715868,175020215,10/6/2018 15:04,10/6/2018 15:06,,,,,0356ae47cb3da5ec72ee12910f,Yes,7,4,5,3,Strongly Disagree,5,Udacity,,,,,Yes,Education,Strongly Disagree,Strongly Disagree,3,> 60,Female,"$75,000-$99,999",Pacific,MacOS Desktop / Laptop
6946715524,175020215,10/6/2018 15:02,10/6/2018 15:04,,,,,3c63bf46d0b5766ecec0fbb29d,No,7,6,8,4,4,7,,,Coursera,,,No,Information Technology,7,7,Strongly Agree,45-60,Female,"$125,000-$149,999",West South Central,Windows Desktop / Laptop
6946714920,175020215,10/6/2018 14:58,10/6/2018 15:00,,,,,bc7d49003b3fb828299c293df3,Yes,5,5,8,9,2,3,,,,,,No,Other,4,Strongly Agree,Strongly Agree,45-60,Male,"$75,000-$99,999",East North Central,Windows Desktop / Laptop
6946714689,175020215,10/6/2018 14:58,10/6/2018 14:59,,,,,f16ec14aebab05431a8b21fb04,Unemployed,Strongly Disagree,Strongly Disagree,Strongly Disagree,Strongly Disagree,Strongly Disagree,Strongly Disagree,,,Coursera,,,Unsure,Health,Strongly Disagree,Strongly Disagree,Strongly Disagree,18-29,Female,"$10,000-$24,999",West North Central,MacOS Desktop / Laptop
6946714670,175020215,10/6/2018 14:56,10/6/2018 14:59,,,,,2526c6ec0cb1eea9969bcd74f6,No,8,8,6,5,Strongly Disagree,2,,,,,,No,Retail,Strongly Disagree,4,3,30-44,Female,"$10,000-$24,999",Pacific,Windows Desktop / Laptop
6946714583,175020238,10/6/2018 14:57,10/6/2018 14:58,71.75.228.170,,,,,No,Strongly Agree,Strongly Agree,Strongly Agree,5,2,Strongly Agree,,Udemy,,,,No,Information Technology,Strongly Disagree,Strongly Disagree,8,,,,,
6946714581,175020215,10/6/2018 14:56,10/6/2018 14:58,,,,,963dd04aab9954da3a37c25193,Yes,Strongly Agree,Strongly Agree,7,6,3,4,Udacity,,,,,No,Retail,7,Strongly Agree,4,30-44,Female,"$75,000-$99,999",South Atlantic,iOS Phone / Tablet
6946714377,175020215,10/6/2018 14:55,10/6/2018 14:57,,,,,ff88f68c836524a85027235270,Yes,2,2,5,3,5,7,Udacity,,,,,No,Transportation,3,2,Strongly Disagree,30-44,Male,"$25,000-$49,999",Mountain,Windows Desktop / Laptop
6946714353,175020215,10/6/2018 14:55,10/6/2018 14:57,,,,,aed00beb4dfc003a2196bc6588,Yes,Strongly Disagree,Strongly Disagree,Strongly Disagree,5,Strongly Disagree,7,,,,,,No,Education,2,Strongly Disagree,Strongly Agree,> 60,Male,"$125,000-$149,999",Pacific,Windows Desktop / Laptop
6946714328,175020215,10/6/2018 14:55,10/6/2018 14:57,,,,,0a2feb0f2efde40107d2003ee7,No,5,5,5,4,2,Strongly Agree,,,,,,No,Health,2,Strongly Disagree,5,45-60,Female,"$10,000-$24,999",East South Central,Windows Desktop / Laptop
6946713882,175020215,10/6/2018 14:52,10/6/2018 14:54,,,,,61751de1a23f1586d2c8d02b34,No,Strongly Agree,Strongly Agree,Strongly Agree,5,5,5,,Udemy,,,Lynda.com,No,Other,Strongly Agree,Strongly Agree,Strongly Agree,30-44,Female,"$25,000-$49,999",Pacific,iOS Phone / Tablet
6946713724,175020215,10/6/2018 14:52,10/6/2018 14:53,,,,,8323a3ad02c626a181ab6e13fd,No,9,9,8,6,5,6,,,,,,Yes,Health,2,4,4,30-44,Female,"$25,000-$49,999",West South Central,Windows Desktop / Laptop
6946713701,175020215,10/6/2018 14:52,10/6/2018 14:53,,,,,eac716dfbba94841cef4f97ba8,Yes,Strongly Agree,Strongly Agree,Strongly Agree,5,5,Strongly Disagree,,,,,,No,Other,5,Strongly Disagree,6,30-44,Male,"$10,000-$24,999",Pacific,Android Phone / Tablet
6946713675,175020238,10/6/2018 14:51,10/6/2018 14:53,47.40.138.209,,,,,No,Strongly Agree,Strongly Agree,7,Strongly Disagree,3,Strongly Disagree,,,,,,No,Education,Strongly Agree,Strongly Agree,Strongly Disagree,,,,,
6946713135,175020215,10/6/2018 14:48,10/6/2018 14:50,,,,,9bea5602ac948f60106ed644ec,Unemployed,Strongly Agree,3,7,Strongly Agree,Strongly Agree,Strongly Agree,,,,,Lynda.com,No,Other,Strongly Agree,Strongly Agree,3,18-29,Female,"$0-$9,999",Middle Atlantic,Android Phone / Tablet
6946713125,175020215,10/6/2018 14:49,10/6/2018 14:50,,,,,a9ab503c75eb982e3ee22cd002,Yes,5,5,5,6,3,7,,,,,Lynda.com,No,"Finance, Investment, or Accounting",6,5,6,30-44,Male,"$50,000-$74,999",Pacific,Windows Desktop / Laptop
6946713017,175020238,10/6/2018 14:26,10/6/2018 14:49,24.98.150.249,,,,,Yes,7,8,6,7,8,8,Udacity,Udemy,,,,No,"Finance, Investment, or Accounting",6,9,9,,,,,
6946712857,175020215,10/6/2018 14:44,10/6/2018 14:48,,,,,518d996bbbbda6d4c9d459e94a,No,Strongly Agree,Strongly Agree,Strongly Agree,9,Strongly Agree,Strongly Agree,,,,,Lynda.com,Unsure,Retail,Strongly Disagree,Strongly Disagree,Strongly Agree,18-29,Male,"$0-$9,999",Middle Atlantic,MacOS Desktop / Laptop
6946712774,175020215,10/6/2018 14:46,10/6/2018 14:48,,,,,69e464051e4419238f1bb2d94a,Yes,5,5,8,Strongly Disagree,4,5,,,,,,No,Health,8,9,5,30-44,Female,"$25,000-$49,999",East North Central,Android Phone / Tablet
6946712752,175020215,10/6/2018 14:46,10/6/2018 14:47,,,,,cd72f16b65de0f65a266317376,No,6,5,8,6,4,Strongly Agree,,,Coursera,,,No,Transportation,5,5,8,30-44,Female,"$150,000-$174,999",East South Central,Android Phone / Tablet
6946712429,175020238,10/6/2018 14:44,10/6/2018 14:46,45.36.89.164,,,,,No,6,4,8,6,6,4,,Udemy,,,,No,Other,Strongly Agree,Strongly Agree,Strongly Agree,,,,,
6946712339,175020215,10/6/2018 14:43,10/6/2018 14:45,,,,,223eee4f2f4255d6df7c2c79ef,No,7,8,4,4,2,5,,,,,Lynda.com,No,Health,Strongly Agree,Strongly Agree,6,45-60,Female,"$25,000-$49,999",Middle Atlantic,Windows Desktop / Laptop
6946712012,175020215,10/6/2018 14:41,10/6/2018 14:43,,,,,6f9ea4ce81361cb35d2f6e0213,No,5,5,6,3,3,3,,,,,,Unsure,Health,8,8,6,45-60,Female,"$10,000-$24,999",Pacific,Windows Desktop / Laptop
6946711977,175020238,10/6/2018 14:41,10/6/2018 14:43,65.31.180.86,,,,,No,9,Strongly Agree,8,8,9,Strongly Agree,,Udemy,,,,No,Information Technology,Strongly Agree,Strongly Agree,Strongly Agree,,,,,
6946711846,175020215,10/6/2018 14:41,10/6/2018 14:42,,,,,2d086cea1fec34ab0273b4c589,No,6,Strongly Agree,Strongly Agree,6,3,4,Udacity,,,,,No,Health,4,9,Strongly Disagree,18-29,Male,"$50,000-$74,999",East North Central,Android Phone / Tablet
6946711797,175020215,10/6/2018 14:38,10/6/2018 14:42,,,,,06e1681ee1ef7d43acb0bafb62,Yes,3,2,5,7,5,6,,,,,Lynda.com,Yes,Other,6,6,3,45-60,Female,"$50,000-$74,999",East North Central,Windows Desktop / Laptop
6946711784,175020215,10/6/2018 14:40,10/6/2018 14:42,,,,,7a98ea1ffd8825e348570d4b73,No,7,6,5,6,2,6,,,,,,No,Other,Strongly Disagree,Strongly Disagree,5,> 60,Female,Prefer not to answer,New England,MacOS Desktop / Laptop
6946711671,175020238,10/6/2018 14:40,10/6/2018 14:41,45.36.89.164,,,,,Yes,9,3,7,8,5,5,,Udemy,Coursera,,,No,Retail,2,2,9,,,,,
6946711306,175020215,10/6/2018 14:38,10/6/2018 14:40,,,,,11f3e53a6dc177aa7b8c7ff7c8,No,7,7,5,5,5,9,,,,,,No,Other,9,9,7,> 60,Female,"$25,000-$49,999",East South Central,Windows Desktop / Laptop
6946711113,175020215,10/6/2018 14:36,10/6/2018 14:38,,,,,40d2a378c7d5b627e6225c317d,Unemployed,2,2,7,7,Strongly Disagree,9,,,,,,No,Health,Strongly Agree,2,8,> 60,Male,Prefer not to answer,Pacific,Windows Desktop / Laptop
6946710974,175020238,10/6/2018 14:36,10/6/2018 14:37,71.206.8.9,,,,,No,7,8,5,7,7,7,Udacity,Udemy,Coursera,,Lynda.com,Yes,Information Technology,Strongly Disagree,Strongly Disagree,8,,,,,
6946710887,175020215,10/6/2018 14:35,10/6/2018 14:37,,,,,24219b732a6b91c9b0583a52d7,No,2,2,8,2,2,4,Udacity,,,,,No,Law,Strongly Agree,Strongly Agree,4,> 60,Female,"$100,000-$124,999",West South Central,Windows Desktop / Laptop
6946710876,175020215,10/6/2018 14:07,10/6/2018 14:37,,,,,d926bec88197b2274458ba840a,Yes,Strongly Agree,8,8,5,2,5,,,,Pluralsight,,No,Other,5,7,4,45-60,Female,"$75,000-$99,999",Pacific,iOS Phone / Tablet
6946710874,175020215,10/6/2018 14:34,10/6/2018 14:37,,,,,41b1516848370d2692bb802160,No,6,5,Strongly Disagree,Strongly Disagree,6,5,,,,,,No,Law,Strongly Agree,Strongly Agree,Strongly Agree,> 60,Female,"$50,000-$74,999",South Atlantic,Android Phone / Tablet
6946710775,175020215,10/6/2018 14:34,10/6/2018 14:36,,,,,b873875488a0e6e771e756e821,Yes,7,7,9,7,6,8,,,,,,Yes,Information Technology,Strongly Agree,Strongly Agree,8,18-29,Male,"$100,000-$124,999",Pacific,Android Phone / Tablet
6946710708,175020215,10/6/2018 14:33,10/6/2018 14:36,,,,,b12314f6e51345aaf8e47d6a0d,Yes,2,Strongly Disagree,2,Strongly Disagree,2,7,,,,,,No,Health,Strongly Disagree,Strongly Disagree,4,30-44,Male,"$10,000-$24,999",Mountain,Windows Desktop / Laptop
6946710667,175020215,10/6/2018 14:32,10/6/2018 14:35,,,,,e2542ce2780c447b903cea5173,No,5,8,5,4,6,Strongly Disagree,,,,,,No,"Finance, Investment, or Accounting",4,Strongly Disagree,Strongly Disagree,> 60,Female,"$75,000-$99,999",New England,iOS Phone / Tablet
6946710424,175020215,10/6/2018 14:32,10/6/2018 14:34,,,,,15ef9167b123701075e100b3b1,No,8,8,7,8,5,5,,,,,,No,Health,Strongly Disagree,Strongly Disagree,Strongly Disagree,30-44,Male,"$100,000-$124,999",East North Central,iOS Phone / Tablet
6946710381,175020238,10/6/2018 14:32,10/6/2018 14:34,77.70.57.71,,,,,Yes,7,5,7,8,6,Strongly Agree,,,,,,Yes,Information Technology,5,Strongly Agree,9,,,,,
6946710317,175020213,10/6/2018 14:29,10/6/2018 14:33,37.228.225.121,,,,,No,7,5,3,2,Strongly Disagree,5,,Udemy,Coursera,,,No,Retail,Strongly Disagree,Strongly Disagree,8,,,,,
6946710138,175020213,10/6/2018 14:30,10/6/2018 14:32,71.163.140.20,,,,,Yes,7,8,8,7,8,9,Udacity,,,Pluralsight,,Unsure,Other,Strongly Agree,Strongly Agree,5,,,,,
6946710128,175020215,10/6/2018 14:30,10/6/2018 14:32,,,,,d152959c3460c4818b16ba15d6,No,Strongly Disagree,3,4,2,Strongly Disagree,8,,,Coursera,,,No,Retail,5,3,4,45-60,Female,"$50,000-$74,999",Pacific,Android Phone / Tablet
6946709981,175020215,10/6/2018 14:30,10/6/2018 14:31,,,,,34e190a5521b1ca927d63e3aa9,Yes,5,5,4,3,3,4,,,Coursera,,Lynda.com,No,Education,7,6,Strongly Agree,45-60,Female,"$25,000-$49,999",East North Central,MacOS Desktop / Laptop
6946709630,175020215,10/6/2018 14:27,10/6/2018 14:29,,,,,4e0f2e91884a9fb3e04bdc2153,Unemployed,5,3,5,4,2,5,,,,,,Yes,Health,4,3,5,> 60,Female,"$50,000-$74,999",Pacific,Android Phone / Tablet
6946709589,175020215,10/6/2018 14:26,10/6/2018 14:29,,,,,327432fa0a28b46f19d1e6aa32,Unemployed,6,5,5,6,3,7,,,,,,No,Education,3,4,7,> 60,Female,"$25,000-$49,999",East South Central,Windows Desktop / Laptop
6946709539,175020215,10/6/2018 14:26,10/6/2018 14:29,,,,,1970a2cccc24479ed38b8d2a22,No,Strongly Agree,6,6,4,4,Strongly Disagree,,,,,,No,Retail,3,4,3,30-44,Female,Prefer not to answer,Mountain,iOS Phone / Tablet
6946709240,175020215,10/6/2018 14:23,10/6/2018 14:27,,,,,83584315ae45e07298f0f99fac,Unemployed,8,Strongly Agree,6,4,Strongly Agree,3,,,Coursera,,,No,Other,7,Strongly Agree,6,> 60,Female,Prefer not to answer,Pacific,iOS Phone / Tablet
6946709124,175020215,10/6/2018 14:22,10/6/2018 14:26,,,,,b3a8d1a580c99c269f4d22e5ab,No,6,4,6,5,3,Strongly Disagree,Udacity,,,,,No,Manufacturing,Strongly Agree,Strongly Agree,6,30-44,Male,"$50,000-$74,999",South Atlantic,Android Phone / Tablet
6946708839,175020238,10/6/2018 14:23,10/6/2018 14:25,108.66.4.224,,,,,No,4,Strongly Disagree,7,6,8,5,Udacity,Udemy,,,Lynda.com,No,Other,Strongly Disagree,Strongly Disagree,Strongly Agree,,,,,
6946708523,175020215,10/6/2018 14:22,10/6/2018 14:23,,,,,0d4566350a35829bc431273694,No,7,8,6,3,3,8,,,,,,Yes,Other,7,Strongly Agree,4,18-29,Female,"$75,000-$99,999",West North Central,iOS Phone / Tablet
6946708421,175020238,10/6/2018 14:12,10/6/2018 14:22,157.51.124.144,,,,,Yes,Strongly Agree,8,8,8,8,9,,Udemy,,,Lynda.com,Yes,Information Technology,9,6,Strongly Agree,,,,,
6946708029,175020238,10/6/2018 14:18,10/6/2018 14:20,97.126.107.25,,,,,No,Strongly Agree,8,6,4,9,5,Udacity,,,,,No,Retail,Strongly Disagree,Strongly Disagree,6,,,,,
6946707784,175020238,10/6/2018 14:06,10/6/2018 14:19,157.46.85.209,,,,,Yes,Strongly Agree,9,Strongly Agree,2,2,2,,,,,Lynda.com,No,Information Technology,Strongly Agree,3,Strongly Agree,,,,,
6946707738,175020238,10/6/2018 14:12,10/6/2018 14:19,64.121.85.105,,,,,Yes,8,7,8,9,8,7,,Udemy,Coursera,,,Yes,Information Technology,Strongly Disagree,Strongly Disagree,7,,,,,
6946707701,175020238,10/6/2018 14:13,10/6/2018 14:18,45.53.196.189,,,,,Yes,9,7,8,2,2,6,Udacity,,,,,No,Manufacturing,Strongly Disagree,2,4,,,,,
6946707570,175020238,10/6/2018 14:10,10/6/2018 14:18,74.243.143.236,,,,,Yes,8,9,Strongly Agree,4,9,7,Udacity,Udemy,,,Lynda.com,Yes,Information Technology,2,2,Strongly Disagree,,,,,
6946707468,175020238,10/6/2018 14:16,10/6/2018 14:17,73.22.119.106,,,,,No,5,2,6,Strongly Agree,3,7,Udacity,Udemy,Coursera,,,Yes,Education,2,3,9,,,,,
6946707360,175020238,10/6/2018 14:14,10/6/2018 14:16,71.229.5.229,,,,,No,2,3,8,9,5,8,Udacity,Udemy,Coursera,,,No,Education,Strongly Disagree,Strongly Disagree,8,,,,,
6946707321,175020213,10/6/2018 14:14,10/6/2018 14:16,107.77.218.228,,,,,No,Strongly Agree,7,3,4,6,Strongly Disagree,Udacity,,Coursera,Pluralsight,Lynda.com,No,Education,5,7,4,,,,,
6946706979,175020215,10/6/2018 14:12,10/6/2018 14:14,,,,,8d4b8abc5dfe63db322f4df9a0,Unemployed,6,Strongly Agree,8,2,Strongly Disagree,3,,,,,,No,Education,6,Strongly Agree,5,18-29,Female,"$0-$9,999",Pacific,iOS Phone / Tablet
6946706819,175020238,10/6/2018 14:11,10/6/2018 14:13,45.36.89.164,,,,,No,9,6,5,7,5,5,,,,,,No,Health,5,6,4,,,,,
6946706784,175020238,10/6/2018 14:11,10/6/2018 14:13,172.7.244.112,,,,,No,9,9,Strongly Agree,6,9,8,,,,,,No,Other,Strongly Disagree,Strongly Disagree,5,,,,,
6946706770,175020215,10/6/2018 14:10,10/6/2018 14:13,,,,,05a8d1d66f2fcc71b500c65092,No,Strongly Agree,8,8,8,8,5,,,,,Lynda.com,No,Other,3,Strongly Disagree,9,> 60,Female,"$75,000-$99,999",Pacific,MacOS Desktop / Laptop
6946706590,175020215,10/6/2018 14:05,10/6/2018 14:12,,,,,e20b62e04557e412cd1942ac95,Yes,3,3,5,4,5,8,Udacity,Udemy,Coursera,,,No,Law,7,8,5,30-44,Female,Prefer not to answer,Middle Atlantic,Windows Desktop / Laptop
6946706364,175020213,10/6/2018 14:09,10/6/2018 14:11,86.45.123.102,,,,,Unemployed,5,5,9,7,6,Strongly Disagree,Udacity,Udemy,Coursera,,,Unsure,Other,Strongly Disagree,Strongly Disagree,6,,,,,
6946706207,175020238,10/6/2018 14:08,10/6/2018 14:10,173.26.102.132,,,,,No,5,5,4,3,4,5,,Udemy,,,,No,"Finance, Investment, or Accounting",Strongly Disagree,Strongly Disagree,6,,,,,
6946706145,175020238,10/6/2018 14:06,10/6/2018 14:10,98.247.142.31,,,,,No,3,5,6,2,Strongly Disagree,3,,,,,,Yes,Education,Strongly Disagree,Strongly Disagree,Strongly Agree,,,,,
6946705997,175020238,10/6/2018 14:07,10/6/2018 14:09,157.46.97.91,,,,,Yes,7,9,8,9,8,9,,,,Pluralsight,,Yes,Education,8,9,7,,,,,
6946705931,175020215,10/6/2018 14:06,10/6/2018 14:08,,,,,35c6259d93e9b2f5449e96d418,No,Strongly Agree,Strongly Agree,Strongly Agree,3,5,5,,,,,,Unsure,Health,4,3,Strongly Agree,30-44,Female,"$25,000-$49,999",Pacific,iOS Phone / Tablet
6946705912,175020215,10/6/2018 14:06,10/6/2018 14:08,,,,,3c227d33497ed7f0687a33a2c2,Yes,9,4,Strongly Agree,Strongly Agree,Strongly Agree,Strongly Agree,,,,,,Unsure,Retail,Strongly Agree,Strongly Disagree,Strongly Agree,30-44,Female,"$10,000-$24,999",West North Central,Android Phone / Tablet
6946705864,175020215,10/6/2018 14:06,10/6/2018 14:08,,,,,68140d7009fe5d877a7b5e3db9,Unemployed,Strongly Agree,Strongly Agree,9,7,2,Strongly Agree,,,,,,No,Health,2,Strongly Agree,Strongly Agree,> 60,Male,"$100,000-$124,999",Pacific,MacOS Desktop / Laptop
6946705836,175020238,10/6/2018 14:06,10/6/2018 14:08,69.59.72.244,,,,,No,7,7,9,6,6,7,Udacity,,,,,No,Health,3,6,6,,,,,
6946705819,175020238,10/6/2018 14:06,10/6/2018 14:08,68.63.12.89,,,,,Yes,8,7,7,6,8,6,Udacity,Udemy,Coursera,,,Yes,Information Technology,Strongly Disagree,Strongly Disagree,4,,,,,
6946705792,175020238,10/6/2018 14:06,10/6/2018 14:08,173.2.201.11,,,,,No,Strongly Agree,7,9,8,8,7,Udacity,Udemy,Coursera,,,Yes,Information Technology,Strongly Disagree,Strongly Disagree,6,,,,,
6946705765,175020238,10/6/2018 14:06,10/6/2018 14:07,72.198.60.3,,,,,No,8,5,9,Strongly Agree,5,Strongly Agree,,Udemy,Coursera,,,No,Information Technology,Strongly Disagree,Strongly Disagree,8,,,,,
6946705750,175020238,10/6/2018 14:06,10/6/2018 14:07,108.211.159.34,,,,,Yes,Strongly Agree,8,4,8,6,4,,,Coursera,Pluralsight,Lynda.com,Yes,Information Technology,Strongly Disagree,Strongly Disagree,6,,,,,
6946705606,175020215,10/6/2018 14:05,10/6/2018 14:07,,,,,8f2a0268f19f114321b063a349,No,8,6,4,3,Strongly Disagree,7,,,,,,Unsure,Health,6,Strongly Agree,6,30-44,Female,"$75,000-$99,999",South Atlantic,iOS Phone / Tablet
6946705564,175020215,10/6/2018 14:05,10/6/2018 14:06,,,,,4e79a8d09085b21412d7278da0,No,7,2,5,4,6,9,,,,,,Unsure,Health,2,3,4,30-44,Female,Prefer not to answer,East North Central,Windows Desktop / Laptop
6946705259,175020215,10/6/2018 14:04,10/6/2018 14:05,,,,,9e9fc89b487026845b28dadca8,No,7,6,6,5,2,8,,,,,,No,"Finance, Investment, or Accounting",8,8,8,45-60,Female,"$150,000-$174,999",South Atlantic,Windows Desktop / Laptop
6946705155,175020215,10/6/2018 14:00,10/6/2018 14:04,,,,,0312b75f7197a0f32da73fbaea,Unemployed,5,9,9,6,5,2,,,Coursera,,,Unsure,Health,Strongly Disagree,Strongly Disagree,Strongly Disagree,> 60,Female,Prefer not to answer,New England,MacOS Desktop / Laptop
6946705116,175020215,10/6/2018 14:03,10/6/2018 14:04,,,,,176fc65a0484f50a2e0bc52083,No,Strongly Disagree,8,9,Strongly Disagree,Strongly Disagree,8,,,,,Lynda.com,No,Manufacturing,Strongly Agree,Strongly Agree,Strongly Disagree,30-44,Male,"$50,000-$74,999",West South Central,Android Phone / Tablet
6946705085,175020215,10/6/2018 14:03,10/6/2018 14:04,,,,,dfbe3f75733e11666414dbf99f,Unemployed,6,5,5,6,6,7,,,,,,No,Transportation,7,9,6,> 60,Female,"$75,000-$99,999",Middle Atlantic,Windows Desktop / Laptop
6946704839,175020215,10/6/2018 13:56,10/6/2018 14:02,,,,,f234a4e33b535c825d73cd6612,Unemployed,2,2,2,Strongly Disagree,Strongly Disagree,9,,,,,,No,Health,8,Strongly Agree,3,18-29,Female,"$0-$9,999",West South Central,iOS Phone / Tablet
6946704609,175020215,10/6/2018 13:59,10/6/2018 14:01,,,,,16b7578f1a9b47a4a77cc6fa18,No,8,6,2,2,Strongly Disagree,9,Udacity,,,,,No,Other,8,Strongly Agree,Strongly Disagree,30-44,Male,"$25,000-$49,999",East South Central,Android Phone / Tablet
6946704512,175020215,10/6/2018 13:59,10/6/2018 14:01,,,,,fa665e63de88d46c2aa0d04820,No,7,6,5,5,Strongly Disagree,5,,,,,,No,Education,6,5,5,> 60,Female,Prefer not to answer,Middle Atlantic,iOS Phone / Tablet
6946704308,175020215,10/6/2018 13:43,10/6/2018 14:00,,,,,4fd83e0a9e0ae01bd59edfc642,Unemployed,4,4,7,4,4,9,,,,,,No,Other,9,2,9,> 60,Female,"$25,000-$49,999",Pacific,MacOS Desktop / Laptop
6946703810,175020215,10/6/2018 13:55,10/6/2018 13:57,,,,,f3d83bf7b72c42e98232703941,Unemployed,5,Strongly Disagree,Strongly Disagree,Strongly Disagree,Strongly Disagree,5,,,,,,Unsure,"Finance, Investment, or Accounting",5,5,5,> 60,Female,"$200,000+",South Atlantic,Windows Desktop / Laptop
6946703615,175020215,10/6/2018 13:54,10/6/2018 13:55,,,,,9023f0f8294a299b0f6a8506c3,No,6,6,5,2,Strongly Disagree,3,,,,,,Yes,Transportation,Strongly Disagree,Strongly Disagree,8,45-60,Male,Prefer not to answer,Pacific,Windows Desktop / Laptop
6946703592,175020215,10/6/2018 13:46,10/6/2018 13:55,,,,,4a226736ed38664141622ef630,Yes,5,2,4,Strongly Agree,5,3,,,Coursera,,,Yes,Other,Strongly Disagree,Strongly Disagree,7,30-44,Female,"$175,000-$199,999",Middle Atlantic,MacOS Desktop / Laptop
6946703035,175020215,10/6/2018 13:50,10/6/2018 13:52,,,,,04fb8b7f90739e1daae5ec15e5,No,6,7,4,2,2,3,,,Coursera,,Lynda.com,No,Law,Strongly Agree,Strongly Agree,7,18-29,Female,"$10,000-$24,999",East North Central,MacOS Desktop / Laptop
6946702630,175020215,10/6/2018 13:48,10/6/2018 13:50,,,,,3d517649f94dde657f5797a8b9,Yes,6,7,8,5,Strongly Disagree,5,,,,,,No,Other,7,7,5,> 60,Female,Prefer not to answer,South Atlantic,Windows Desktop / Laptop
6946702355,175020215,10/6/2018 13:46,10/6/2018 13:48,,,,,3318dbd9b9d3e2581f8500e159,No,5,8,8,7,Strongly Disagree,9,,,,,,No,Education,Strongly Disagree,Strongly Disagree,Strongly Disagree,45-60,Female,"$100,000-$124,999",Pacific,Android Phone / Tablet
6946702285,175020215,10/6/2018 13:45,10/6/2018 13:48,,,,,85ab61a768b9ceb4a52bffbc22,Unemployed,5,5,5,5,4,8,,,Coursera,,,No,Other,Strongly Disagree,3,7,30-44,Female,"$75,000-$99,999",South Atlantic,Windows Desktop / Laptop
6946702028,175020215,10/6/2018 13:44,10/6/2018 13:46,,,,,6f7b4bd1ee37d842aaf44d9d77,No,5,5,3,8,Strongly Disagree,5,,,,,,No,Retail,Strongly Disagree,5,Strongly Disagree,> 60,Male,"$50,000-$74,999",Middle Atlantic,Windows Desktop / Laptop
6946701845,175020215,10/6/2018 13:44,10/6/2018 13:46,,,,,7c6f913e99da2a0559206e5569,Yes,7,5,5,5,5,5,Udacity,,Coursera,,Lynda.com,Yes,Education,4,3,3,45-60,Male,"$125,000-$149,999",East North Central,iOS Phone / Tablet
6946701608,175020215,10/6/2018 13:43,10/6/2018 13:44,,,,,6a66fcb03eea893c2941cafdfd,No,4,3,Strongly Disagree,Strongly Disagree,Strongly Disagree,4,,,,,Lynda.com,No,Education,Strongly Disagree,Strongly Disagree,Strongly Agree,45-60,Female,"$25,000-$49,999",Pacific,MacOS Desktop / Laptop
6946701314,175020215,10/6/2018 13:42,10/6/2018 13:43,,,,,b3f7df98481f95d30a0e322e3d,Yes,Strongly Agree,8,Strongly Agree,6,Strongly Disagree,4,Udacity,Udemy,Coursera,Pluralsight,Lynda.com,Yes,Information Technology,2,2,6,,,,,
6946701157,175020215,10/6/2018 13:40,10/6/2018 13:42,,,,,0367463b784625f5a53b3d8c90,Unemployed,8,5,8,5,3,7,,,,,,No,Other,8,Strongly Agree,7,45-60,Female,Prefer not to answer,West South Central,Windows Desktop / Laptop
6946701156,175020215,10/6/2018 13:40,10/6/2018 13:42,,,,,d10d1545d4ed354282581dd38e,Unemployed,7,5,4,5,3,3,,,,,Lynda.com,No,Other,5,5,7,30-44,Female,"$50,000-$74,999",New England,Windows Desktop / Laptop
6946700922,175020215,10/6/2018 13:38,10/6/2018 13:40,,,,,92a07dc78d44d9a83cfdd1e781,No,5,3,3,2,2,6,,,,,,No,Other,5,7,2,> 60,Female,"$75,000-$99,999",Pacific,Windows Desktop / Laptop
6946700843,175020215,10/6/2018 13:37,10/6/2018 13:40,,,,,c8e037200001076f8bce89c648,Unemployed,8,6,4,6,Strongly Disagree,Strongly Agree,,,,,,Yes,Information Technology,3,Strongly Disagree,9,> 60,Male,"$100,000-$124,999",Pacific,Windows Desktop / Laptop
6946700530,175020215,10/6/2018 13:36,10/6/2018 13:38,,,,,7ce67ec42ac304de4ee0030234,Yes,7,7,8,7,5,4,,,,,,No,Retail,9,9,4,45-60,Female,"$100,000-$124,999",West North Central,MacOS Desktop / Laptop
6946700164,175020215,10/6/2018 13:34,10/6/2018 13:36,,,,,03b7386c3ba7270b11bfa5f263,No,Strongly Agree,Strongly Agree,Strongly Agree,5,Strongly Disagree,Strongly Disagree,Udacity,Udemy,,,,No,Military,Strongly Agree,Strongly Disagree,Strongly Agree,18-29,Female,"$10,000-$24,999",South Atlantic,Windows Desktop / Laptop
6946699987,175020215,10/6/2018 13:35,10/6/2018 13:36,,,,,6737364622faac35d6e152a6b7,Unemployed,Strongly Disagree,Strongly Disagree,Strongly Disagree,Strongly Disagree,Strongly Disagree,Strongly Disagree,,Udemy,,,,No,Other,Strongly Agree,Strongly Agree,7,18-29,Female,"$0-$9,999",South Atlantic,Android Phone / Tablet
6946699920,175020215,10/6/2018 13:33,10/6/2018 13:35,,,,,6e8befe5c690a16f229e0c3f4d,Yes,Strongly Disagree,Strongly Disagree,8,7,3,2,,,,,Lynda.com,Yes,Health,Strongly Disagree,6,Strongly Disagree,45-60,Female,"$75,000-$99,999",South Atlantic,Windows Desktop / Laptop
6946699919,175020215,10/6/2018 13:34,10/6/2018 13:35,,,,,8c39e083d60954f72faac9eb36,Yes,8,6,3,4,2,4,,,,,Lynda.com,No,Education,2,2,7,30-44,Male,Prefer not to answer,West North Central,Windows Desktop / Laptop
6720657548,170687470,2/26/2018 18:12,2/26/2018 18:15,68.98.182.234,,,,,Yes,7,4,7,,5,Strongly Disagree,Udacity,,Coursera,,,Yes,"Finance, Investment, or Accounting",,,,,,,,
6720613306,170687470,2/26/2018 17:52,2/26/2018 17:54,66.87.68.177,,,,,No,3,2,6,,Strongly Disagree,Strongly Agree,,Udemy,Coursera,,Lynda.com,Yes,Information Technology,,,,,,,,
6720529370,170687470,2/26/2018 17:13,2/26/2018 17:15,174.205.19.11,,,,,Yes,Strongly Agree,6,8,,8,5,Udacity,Udemy,,,,No,Education,,,,,,,,
6720497050,170687470,2/26/2018 16:58,2/26/2018 17:01,173.79.77.92,,,,,No,9,Strongly Agree,Strongly Agree,,Strongly Disagree,9,,,,,,No,Education,,,,,,,,
6720489615,170687470,2/26/2018 16:15,2/26/2018 16:58,99.203.22.172,,,,,Yes,Strongly Agree,3,Strongly Disagree,,Strongly Disagree,8,,,,,,No,Law,,,,,,,,
6720327480,170687470,2/26/2018 15:51,2/26/2018 15:53,162.251.9.115,,,,,Yes,2,Strongly Agree,4,,7,2,,,,,,Unsure,Other,,,,,,,,
6720205251,170687470,2/26/2018 15:05,2/26/2018 15:08,73.9.174.127,,,,,No,7,5,2,,9,7,,,,,,No,Retail,,,,,,,,
6720126748,170687470,2/26/2018 14:37,2/26/2018 14:39,172.58.109.108,,,,,No,Strongly Agree,7,7,,8,8,Udacity,Udemy,Coursera,,Lynda.com,Yes,Information Technology,,,,,,,,
6719974892,170687470,2/26/2018 13:44,2/26/2018 13:45,47.221.154.33,,,,,No,Strongly Agree,8,Strongly Agree,,8,6,,Udemy,Coursera,,,No,Health,,,,,,,,
6719922865,170687470,2/26/2018 13:25,2/26/2018 13:26,71.197.216.225,,,,,Unemployed,2,2,3,,2,6,Udacity,Udemy,Coursera,,,No,Other,,,,,,,,
6719892204,170687470,2/26/2018 13:14,2/26/2018 13:15,70.125.138.98,,,,,Yes,8,7,6,,6,4,,,Coursera,,,Yes,Other,,,,,,,,
6719838381,170687470,2/26/2018 12:13,2/26/2018 12:55,67.23.103.195,,,,,Yes,7,6,9,,8,3,Udacity,,Coursera,,Lynda.com,No,Other,,,,,,,,
6719821473,170687470,2/26/2018 12:47,2/26/2018 12:49,208.250.53.98,,,,,Yes,Strongly Agree,Strongly Disagree,Strongly Agree,,Strongly Disagree,7,Udacity,Udemy,Coursera,,Lynda.com,Yes,Information Technology,,,,,,,,
6719775433,170687470,2/26/2018 12:30,2/26/2018 12:33,66.87.133.237,,,,,Yes,Strongly Agree,5,Strongly Agree,,7,8,,,,,,No,Other,,,,,,,,
6719691071,170687470,2/26/2018 12:01,2/26/2018 12:03,76.30.247.174,,,,,No,3,Strongly Disagree,7,,5,6,Udacity,Udemy,Coursera,,,Unsure,Energy,,,,,,,,
6719651234,170687470,2/26/2018 11:48,2/26/2018 11:50,207.166.54.97,,,,,Yes,6,5,4,,4,6,Udacity,Udemy,Coursera,,,Yes,Education,,,,,,,,
6719648453,170687470,2/26/2018 11:47,2/26/2018 11:49,24.175.253.210,,,,,Yes,Strongly Agree,7,7,,5,3,,,,,,No,Retail,,,,,,,,
6719571859,170687470,2/26/2018 11:21,2/26/2018 11:23,65.222.254.74,,,,,No,9,Strongly Agree,Strongly Agree,,8,6,,,Coursera,Pluralsight,Lynda.com,Yes,Information Technology,,,,,,,,
6719546530,170687470,2/26/2018 11:12,2/26/2018 11:14,129.111.20.113,,,,,No,6,4,Strongly Disagree,,3,4,,,,,Lynda.com,Yes,Health,,,,,,,,
6719508752,170687470,2/26/2018 10:58,2/26/2018 11:02,107.77.220.51,,,,,No,Strongly Disagree,Strongly Disagree,7,,5,Strongly Agree,,,Coursera,,,Yes,"Finance, Investment, or Accounting",,,,,,,,
6719422721,170687470,2/26/2018 9:21,2/26/2018 10:33,173.10.128.90,,,,,Yes,6,7,8,,8,7,Udacity,Udemy,Coursera,,Lynda.com,Yes,Other,,,,,,,,
6719371228,170687470,2/26/2018 10:14,2/26/2018 10:15,24.20.99.72,,,,,Yes,Strongly Disagree,3,9,,4,5,,,,,,No,Information Technology,,,,,,,,
6719364384,170687470,2/26/2018 10:12,2/26/2018 10:13,99.129.99.224,,,,,No,3,Strongly Disagree,Strongly Agree,,5,Strongly Disagree,,,,,Lynda.com,No,Other,,,,,,,,
6719361093,170687470,2/26/2018 10:11,2/26/2018 10:12,208.72.230.195,,,,,No,8,5,5,,5,6,,,Coursera,,,Yes,Agriculture,,,,,,,,
6719340470,170687470,2/26/2018 10:03,2/26/2018 10:05,173.73.149.215,,,,,No,Strongly Agree,8,Strongly Agree,,Strongly Agree,7,Udacity,Udemy,Coursera,,,No,Education,,,,,,,,
6719323425,170687470,2/26/2018 9:57,2/26/2018 9:59,192.34.232.184,,,,,No,8,3,Strongly Disagree,,6,Strongly Disagree,Udacity,,Coursera,,Lynda.com,No,Education,,,,,,,,
6719302772,170687470,2/26/2018 9:51,2/26/2018 9:52,173.73.149.215,,,,,Yes,Strongly Agree,Strongly Agree,Strongly Agree,,5,4,Udacity,Udemy,Coursera,Pluralsight,Lynda.com,Yes,Other,,,,,,,,
6719292207,170687470,2/26/2018 9:47,2/26/2018 9:48,96.255.106.199,,,,,Yes,8,6,8,,8,8,Udacity,,,,,Unsure,Other,,,,,,,,
6719254212,170687470,2/26/2018 9:33,2/26/2018 9:34,155.246.169.19,,,,,Yes,Strongly Agree,7,Strongly Agree,,Strongly Agree,5,Udacity,,Coursera,,,Yes,Information Technology,,,,,,,,
6719239394,170687470,2/26/2018 9:27,2/26/2018 9:29,208.250.53.98,,,,,Yes,7,7,8,,3,7,,,,,Lynda.com,Yes,Information Technology,,,,,,,,
6719229479,170687470,2/26/2018 9:23,2/26/2018 9:25,35.128.28.60,,,,,Yes,7,7,Strongly Agree,,6,4,Udacity,Udemy,Coursera,Pluralsight,Lynda.com,Unsure,Education,,,,,,,,
6719101595,170687470,2/26/2018 8:30,2/26/2018 8:32,75.9.149.89,,,,,No,9,3,Strongly Agree,,5,4,,,Coursera,,,No,"Finance, Investment, or Accounting",,,,,,,,
6719087984,170687470,2/26/2018 8:24,2/26/2018 8:25,209.133.126.155,,,,,Yes,6,3,8,,Strongly Disagree,7,Udacity,Udemy,Coursera,,,No,Other,,,,,,,,
6719087677,170687521,2/26/2018 8:24,2/26/2018 8:25,,,,,5658c5803fe6e22d7f56165113,No,8,5,7,,Strongly Disagree,7,,,,,,Yes,Health,,,,> 60,Male,"$25,000-$49,999",South Atlantic,Windows Desktop / Laptop
6719068278,170687521,2/26/2018 8:14,2/26/2018 8:15,,,,,770ebae429e5870dfd46e21480,No,Strongly Agree,7,5,,3,5,,,,,,No,Information Technology,,,,> 60,Male,"$200,000+",South Atlantic,Windows Desktop / Laptop
6719059411,170687470,2/26/2018 8:09,2/26/2018 8:11,99.203.17.168,,,,,No,8,7,Strongly Agree,,5,3,,Udemy,Coursera,Pluralsight,Lynda.com,Yes,Information Technology,,,,,,,,
6719058901,170687521,2/26/2018 8:09,2/26/2018 8:11,,,,,78a32fb15ae84cd12b52862bf5,No,6,7,9,,5,8,,,Coursera,,,No,Health,,,,45-60,Male,"$25,000-$49,999",East North Central,Windows Desktop / Laptop
6719057801,170687521,2/26/2018 8:08,2/26/2018 8:10,,,,,e570e673bb5234e101ef8a3bbd,Yes,7,3,9,,Strongly Disagree,Strongly Agree,Udacity,,,,,No,Health,,,,45-60,Male,Prefer not to answer,East North Central,Windows Desktop / Laptop
6719046781,170687521,2/26/2018 8:03,2/26/2018 8:04,,,,,3a1f8e7475fbd401a02de0d019,No,5,7,5,,Strongly Disagree,4,,,,,,No,Other,,,,> 60,Male,"$75,000-$99,999",Middle Atlantic,Windows Desktop / Laptop
6719046350,170687470,2/26/2018 8:02,2/26/2018 8:04,173.79.156.183,,,,,No,7,6,Strongly Agree,,6,2,Udacity,Udemy,,,,No,Transportation,,,,,,,,
6719044914,170687521,2/26/2018 8:02,2/26/2018 8:03,,,,,3162733dac55f5e094c0716bf7,No,2,4,6,,Strongly Disagree,Strongly Agree,,,,,,No,Law,,,,> 60,Male,"$75,000-$99,999",South Atlantic,iOS Phone / Tablet
6719042709,170687521,2/26/2018 8:01,2/26/2018 8:02,,,,,853c7b2cd0dcbda03631ea8c1c,Unemployed,9,5,9,,5,5,,,,,,No,Other,,,,> 60,Male,"$25,000-$49,999",Pacific,MacOS Desktop / Laptop
6719038009,170687521,2/26/2018 7:58,2/26/2018 8:00,,,,,7a86293505830a6d920c0928b6,No,8,8,6,,3,4,,Udemy,,,,No,Information Technology,,,,> 60,Male,"$50,000-$74,999",South Atlantic,Windows Desktop / Laptop
6719023863,170687521,2/26/2018 7:50,2/26/2018 7:51,,,,,5c9860e2aab2ebf2ebd8e3bf2e,No,Strongly Agree,Strongly Agree,5,,3,9,,,,,,Unsure,Other,,,,45-60,Male,"$75,000-$99,999",West South Central,Windows Desktop / Laptop
6719021932,170687521,2/26/2018 7:49,2/26/2018 7:50,,,,,9c587cb53549fc6cc06a84a909,Yes,7,6,8,,7,5,,,,,,Unsure,Health,,,,45-60,Male,"$100,000-$124,999",Middle Atlantic,Android Phone / Tablet
6719021756,170687521,2/26/2018 7:48,2/26/2018 7:50,,,,,38aec4e8cca91243d9a6761cca,Yes,3,3,7,,3,8,,,,,,No,Other,,,,45-60,Male,"$75,000-$99,999",Middle Atlantic,iOS Phone / Tablet
6719017557,170687521,2/26/2018 7:47,2/26/2018 7:48,,,,,0fd0e4eb810ac10d48dff9ac1e,No,7,7,Strongly Agree,,7,8,,,,,,Unsure,Education,,,,> 60,Male,"$150,000-$174,999",South Atlantic,Android Phone / Tablet
6719015764,170687521,2/26/2018 7:46,2/26/2018 7:47,,,,,94c5a501be1ae4505664872d00,Unemployed,5,3,8,,3,6,,,Coursera,,,No,Other,,,,> 60,Male,"$25,000-$49,999",New England,Windows Desktop / Laptop
6719014236,170687521,2/26/2018 7:44,2/26/2018 7:46,,,,,a4de5b427f61c425e45d267fb9,Yes,7,7,9,,2,Strongly Agree,Udacity,,,,Lynda.com,Unsure,Information Technology,,,,45-60,Male,"$100,000-$124,999",East North Central,Windows Desktop / Laptop
6719005294,170687521,2/26/2018 7:40,2/26/2018 7:41,,,,,5c1849560e9102e5847959f624,Yes,9,Strongly Agree,6,,9,7,,,,,Lynda.com,Yes,Information Technology,,,,45-60,Male,"$125,000-$149,999",West North Central,MacOS Desktop / Laptop
6718999470,170687521,2/26/2018 7:35,2/26/2018 7:38,,,,,70fede6cc1ff6d805cf19e1559,Unemployed,8,8,8,,3,3,,,,,,No,Military,,,,> 60,Male,"$50,000-$74,999",South Atlantic,Windows Desktop / Laptop
6718992270,170687521,2/26/2018 7:31,2/26/2018 7:33,,,,,9d657bf062662e4ae5ec4782a2,Yes,7,8,6,,7,8,,Udemy,,,,No,Other,,,,45-60,Male,"$50,000-$74,999",New England,Windows Desktop / Laptop
6718976681,170687521,2/26/2018 7:20,2/26/2018 7:23,,,,,f6c8ce38d440acf4590897e339,Unemployed,5,5,2,,2,5,,,,,,No,Education,,,,> 60,Male,"$100,000-$124,999",West North Central,MacOS Desktop / Laptop
6718974860,170687521,2/26/2018 7:20,2/26/2018 7:22,,,,,9a5ec900b2d3b7bb2e1814a330,No,Strongly Disagree,6,8,,4,Strongly Agree,,,,,,No,Transportation,,,,45-60,Male,"$50,000-$74,999",South Atlantic,Android Phone / Tablet
6718971816,170687521,2/26/2018 7:18,2/26/2018 7:20,,,,,346b8dc6016b9879a6e2cc0f76,Yes,2,Strongly Disagree,Strongly Disagree,,Strongly Disagree,Strongly Agree,,,,,,Unsure,Manufacturing,,,,> 60,Male,"$125,000-$149,999",Middle Atlantic,Windows Desktop / Laptop
6718965895,170687521,2/26/2018 7:15,2/26/2018 7:17,,,,,650703a7b654c929e8224ac98b,Unemployed,Strongly Agree,Strongly Agree,Strongly Agree,,6,6,,,,,,Unsure,"Finance, Investment, or Accounting",,,,> 60,Male,"$75,000-$99,999",Middle Atlantic,MacOS Desktop / Laptop
6718959059,170687521,2/26/2018 7:10,2/26/2018 7:12,,,,,9561f4a0da5659b83f11e4385d,No,8,7,7,,5,7,,,,,,No,"Finance, Investment, or Accounting",,,,45-60,Male,"$50,000-$74,999",East North Central,Windows Desktop / Laptop
6718954218,170687521,2/26/2018 7:08,2/26/2018 7:09,,,,,dd4d500235fe29d3716be8e05e,Yes,8,7,7,,2,5,,,,,,No,"Finance, Investment, or Accounting",,,,45-60,Male,"$200,000+",South Atlantic,Android Phone / Tablet
6718949536,170687521,2/26/2018 7:05,2/26/2018 7:06,,,,,93b6caebeba866d0bc30b1a4f8,No,9,Strongly Agree,8,,2,6,Udacity,,,,,Yes,Transportation,,,,> 60,Male,"$75,000-$99,999",West South Central,Windows Desktop / Laptop
6718947343,170687521,2/26/2018 7:03,2/26/2018 7:05,,,,,2ba3631daf49269646498b1a09,Yes,7,6,6,,4,8,,,,,,No,Retail,,,,> 60,Male,"$50,000-$74,999",Middle Atlantic,Windows Desktop / Laptop
6718910886,170687521,2/26/2018 6:39,2/26/2018 6:41,,,,,a708044c360200abe682ef0236,No,7,6,2,,5,5,,,,,Lynda.com,No,Other,,,,45-60,Male,"$100,000-$124,999",New England,Android Phone / Tablet
6718908243,170687521,2/26/2018 6:38,2/26/2018 6:39,,,,,c78200dcca9718c49ed2b95664,No,9,9,7,,Strongly Disagree,8,,,,,,Yes,Information Technology,,,,> 60,Male,"$125,000-$149,999",South Atlantic,Windows Desktop / Laptop
6718907429,170687521,2/26/2018 6:37,2/26/2018 6:39,,,,,6e806ba7a6df3802e68f6889ae,No,7,5,5,,Strongly Agree,6,Udacity,,,,,No,Manufacturing,,,,45-60,Male,"$25,000-$49,999",East North Central,Windows Desktop / Laptop
6718894689,170687521,2/26/2018 6:28,2/26/2018 6:30,,,,,13e42d92e17b61a2cf6ff258e1,No,5,7,4,,Strongly Disagree,7,,,,,,Yes,Other,,,,> 60,Male,"$150,000-$174,999",South Atlantic,Windows Desktop / Laptop
6718885834,170687521,2/26/2018 6:22,2/26/2018 6:24,,,,,bc27a1b7a4b350195a8715dad4,No,4,Strongly Agree,7,,6,Strongly Agree,,,,,,No,"Finance, Investment, or Accounting",,,,> 60,Male,"$125,000-$149,999",South Atlantic,Windows Desktop / Laptop
6718880227,170687521,2/26/2018 6:18,2/26/2018 6:20,,,,,c707d18f1f705ba06fae2055c4,Unemployed,Strongly Agree,Strongly Agree,Strongly Agree,,Strongly Agree,Strongly Agree,,,,,,No,Military,,,,45-60,Male,"$0-$9,999",South Atlantic,Android Phone / Tablet
6718809892,170687521,2/26/2018 5:29,2/26/2018 5:30,,,,,acb577272ab25b8d3ee287e020,Yes,4,8,7,,2,3,,,,,,No,Transportation,,,,> 60,Male,"$100,000-$124,999",New England,Windows Desktop / Laptop
6718800603,170687521,2/26/2018 5:21,2/26/2018 5:23,,,,,8e4805f198afe833336384db6b,Unemployed,6,9,Strongly Agree,,Strongly Disagree,6,,,,,,Unsure,Other,,,,> 60,Male,"$0-$9,999",West South Central,iOS Phone / Tablet
6718791789,170687470,2/26/2018 5:16,2/26/2018 5:17,69.250.248.180,,,,,No,3,8,9,,8,3,,Udemy,Coursera,,Lynda.com,Yes,Information Technology,,,,,,,,
6718784115,170687521,2/26/2018 5:06,2/26/2018 5:12,,,,,6d003ad391a1aa6f9eee96e3cf,Yes,8,8,7,,5,8,Udacity,,,,Lynda.com,No,Health,,,,> 60,Male,"$10,000-$24,999",Pacific,Android Phone / Tablet
6718740977,170687521,2/26/2018 4:40,2/26/2018 4:42,,,,,d73b67f37dcd137997c91a8416,No,6,5,6,,4,6,,,,,Lynda.com,No,Other,,,,18-29,Male,Prefer not to answer,East South Central,Android Phone / Tablet
6718699683,170687521,2/26/2018 4:12,2/26/2018 4:13,,,,,01728a23051bb7e90efbc2e01f,No,8,6,7,,5,7,,,,,,Unsure,Health,,,,45-60,Male,"$50,000-$74,999",Mountain,Windows Desktop / Laptop
6718674339,170687521,2/26/2018 3:54,2/26/2018 3:54,,,,,fa8454b3378711d9ac8d25571d,No,Strongly Agree,Strongly Agree,6,,6,Strongly Disagree,Udacity,,,,,Yes,Education,,,,45-60,Male,"$25,000-$49,999",Mountain,Windows Desktop / Laptop
6718655017,170687521,2/26/2018 3:38,2/26/2018 3:39,,,,,beadaf347d9eb9546173af987b,Yes,Strongly Agree,6,9,,Strongly Disagree,Strongly Disagree,,,Coursera,,,No,Retail,,,,18-29,Female,"$10,000-$24,999",South Atlantic,iOS Phone / Tablet
6718651647,170687521,2/26/2018 3:35,2/26/2018 3:37,,,,,7d0e00d73bfe5ba28a9e7961e8,No,6,6,7,,Strongly Disagree,7,,,,,,Unsure,Retail,,,,> 60,Female,"$10,000-$24,999",Mountain,Android Phone / Tablet
6718634666,170687521,2/26/2018 3:23,2/26/2018 3:23,,,,,b004fc1bdabbacc81f1ec69514,No,Strongly Disagree,Strongly Disagree,Strongly Disagree,,Strongly Disagree,Strongly Disagree,Udacity,,,,,No,Other,,,,30-44,Female,"$0-$9,999",Pacific,Android Phone / Tablet
6718630599,170687521,2/26/2018 3:19,2/26/2018 3:20,,,,,433e355b0b12b1e9069d6c68c6,No,7,8,8,,8,4,,,,,,Unsure,Manufacturing,,,,45-60,Male,"$100,000-$124,999",Middle Atlantic,Windows Desktop / Laptop
6718629993,170687521,2/26/2018 3:18,2/26/2018 3:20,,,,,72a119c2b7646b978b15d8dfeb,Unemployed,5,7,2,,5,5,Udacity,,,,,No,Other,,,,30-44,Female,"$25,000-$49,999",Pacific,Windows Desktop / Laptop
6718625721,170687521,2/26/2018 3:13,2/26/2018 3:16,,,,,e9f25f57a24f1692816bbb6bb0,No,6,Strongly Disagree,Strongly Agree,,Strongly Agree,5,,,,,,No,Other,,,,30-44,Female,"$25,000-$49,999",New England,iOS Phone / Tablet
6718621330,170687521,2/26/2018 3:10,2/26/2018 3:12,,,,,b5f18680743357e93350a2f361,No,Strongly Disagree,4,Strongly Agree,,3,5,,,,,,Yes,Education,,,,> 60,Female,"$25,000-$49,999",Pacific,iOS Phone / Tablet
6718619720,170687521,2/26/2018 3:01,2/26/2018 3:11,,,,,dfda029cff1b802d8ee3df1ea1,No,Strongly Disagree,Strongly Disagree,Strongly Agree,,6,Strongly Agree,,,,,,Unsure,Health,,,,45-60,Female,"$25,000-$49,999",West South Central,Android Phone / Tablet
6718606489,170687521,2/26/2018 2:58,2/26/2018 2:59,,,,,0e70e73e77a895da779b5fcc11,Yes,7,7,8,,5,9,,,Coursera,,,No,Other,,,,30-44,Female,Prefer not to answer,Pacific,Windows Desktop / Laptop
6718604054,170687470,2/26/2018 2:55,2/26/2018 2:57,174.207.7.145,,,,,No,7,4,Strongly Agree,,4,6,,,,,,No,Other,,,,,,,,
6718603927,170687521,2/26/2018 2:56,2/26/2018 2:57,,,,,72dcd451b9883d55e3ed4fba21,Yes,5,6,6,,4,7,,,,,Lynda.com,No,Law,,,,45-60,Female,"$50,000-$74,999",Pacific,Windows Desktop / Laptop
6718598581,170687521,2/26/2018 2:51,2/26/2018 2:52,,,,,9c84e464bf1000d9723ebe911c,Yes,6,7,9,,7,9,,,Coursera,,,No,Law,,,,45-60,Female,"$100,000-$124,999",Pacific,MacOS Desktop / Laptop
6718586427,170687521,2/26/2018 2:38,2/26/2018 2:40,,,,,fffdd8a6677d859b0270431a1d,No,8,8,7,,7,9,Udacity,,,,,No,Manufacturing,,,,45-60,Female,"$125,000-$149,999",East North Central,Windows Desktop / Laptop
6718575649,170687521,2/26/2018 2:27,2/26/2018 2:29,,,,,933aeec8de6fa4771b7540a68f,Unemployed,8,7,6,,6,6,,,Coursera,,,No,Other,,,,30-44,Female,"$10,000-$24,999",South Atlantic,iOS Phone / Tablet
6718575635,170687521,2/26/2018 2:27,2/26/2018 2:29,,,,,cb0ecfcff301fd141542b12cfc,Yes,Strongly Agree,Strongly Disagree,Strongly Agree,,6,Strongly Disagree,,,Coursera,,,No,"Finance, Investment, or Accounting",,,,45-60,Female,"$10,000-$24,999",East South Central,iOS Phone / Tablet
6718572206,170687521,2/26/2018 2:23,2/26/2018 2:25,,,,,d9491f13fd90a26a9ce90264f5,No,7,7,7,,6,6,Udacity,,,,,No,Education,,,,18-29,Female,"$10,000-$24,999",South Atlantic,Android Phone / Tablet
6718571848,170687521,2/26/2018 2:23,2/26/2018 2:25,,,,,87e1ef115d4cc982c9725badad,No,Strongly Agree,5,5,,5,3,,,,,Lynda.com,Yes,Health,,,,18-29,Female,"$10,000-$24,999",Pacific,MacOS Desktop / Laptop
6718570298,170687521,2/26/2018 2:21,2/26/2018 2:23,,,,,677f928aa64ac3e67ca1b0f045,Unemployed,Strongly Agree,7,9,,Strongly Disagree,5,,,,,,No,Other,,,,> 60,Female,Prefer not to answer,Pacific,Android Phone / Tablet
6718565855,170687521,2/26/2018 2:17,2/26/2018 2:18,,,,,f06200133dc58e25ddd08ee9fd,Unemployed,8,8,7,,Strongly Disagree,9,,,,,,No,Military,,,,> 60,Male,"$25,000-$49,999",Mountain,Windows Desktop / Laptop
6718564310,170687521,2/26/2018 2:14,2/26/2018 2:16,,,,,2c74fc840a08003d58161867f3,Unemployed,6,4,7,,5,7,,,,,,No,Manufacturing,,,,> 60,Male,Prefer not to answer,Pacific,Windows Desktop / Laptop
6718562037,170687521,2/26/2018 2:10,2/26/2018 2:14,,,,,62928d34a3f3a910230cfc5407,Unemployed,7,Strongly Agree,5,,4,Strongly Agree,,,,,Lynda.com,No,Manufacturing,,,,18-29,Female,"$0-$9,999",Middle Atlantic,Android Phone / Tablet
6718561322,170687521,2/26/2018 2:12,2/26/2018 2:13,,,,,d22c22a0d5acbad99403bf6361,No,8,8,9,,6,6,Udacity,,,,,No,Retail,,,,> 60,Female,"$25,000-$49,999",Middle Atlantic,iOS Phone / Tablet
6718560432,170687521,2/26/2018 2:08,2/26/2018 2:12,,,,,b010c62633f385a582b75fb67b,No,8,4,8,,5,9,,,,,,No,Health,,,,30-44,Female,"$25,000-$49,999",New England,Android Phone / Tablet
6718559539,170687521,2/26/2018 2:10,2/26/2018 2:11,,,,,6618804bb120d19b80cfbe5f84,Unemployed,8,5,5,,4,6,,,,,,No,Other,,,,45-60,Female,"$75,000-$99,999",Pacific,MacOS Desktop / Laptop
6718559058,170687521,2/26/2018 2:08,2/26/2018 2:11,,,,,f6b0b935c8035b96dc884ff5ef,No,5,4,9,,6,Strongly Disagree,,,,,Lynda.com,No,Health,,,,30-44,Female,"$25,000-$49,999",East South Central,Android Phone / Tablet
6718559001,170687521,2/26/2018 2:09,2/26/2018 2:11,,,,,8ef8023deb8cfc3076aa0d3a5b,No,Strongly Disagree,3,Strongly Disagree,,7,2,,,Coursera,,,Unsure,Health,,,,18-29,Female,"$0-$9,999",Middle Atlantic,iOS Phone / Tablet
6718556792,170687521,2/26/2018 2:07,2/26/2018 2:08,,,,,167250abce65737e56fec21d5a,Yes,6,Strongly Agree,8,,5,7,,,,,Lynda.com,No,Other,,,,45-60,Female,"$150,000-$174,999",Pacific,iOS Phone / Tablet
6718552910,170687521,2/26/2018 2:02,2/26/2018 2:04,,,,,d8ce006e92ae15da2186c48990,No,8,9,9,,8,8,,,,,Lynda.com,No,Other,,,,45-60,Male,"$50,000-$74,999",Pacific,Windows Desktop / Laptop
6718551379,170687521,2/26/2018 2:00,2/26/2018 2:02,,,,,3b172d0c662657b549ea43db3f,No,9,5,6,,5,7,,Udemy,Coursera,,,No,Other,,,,30-44,Female,"$0-$9,999",West North Central,Android Phone / Tablet
6718545742,170687521,2/26/2018 1:54,2/26/2018 1:56,,,,,f54e4a07bc05de72adbad4acb9,Unemployed,2,Strongly Disagree,Strongly Disagree,,5,9,,,,,,No,Information Technology,,,,45-60,Male,"$175,000-$199,999",West North Central,iOS Phone / Tablet
6718544920,170687521,2/26/2018 1:53,2/26/2018 1:55,,,,,d9f2fbee350dc59f5a3327bce4,No,5,5,7,,3,8,,,,,,No,Other,,,,45-60,Female,"$50,000-$74,999",Pacific,Windows Desktop / Laptop
6718543559,170687521,2/26/2018 1:51,2/26/2018 1:54,,,,,f5bbd185e7bdd7d2161e79e0fb,Unemployed,Strongly Agree,Strongly Disagree,6,,6,Strongly Agree,,,,,,No,Other,,,,> 60,Female,"$10,000-$24,999",South Atlantic,Windows Desktop / Laptop
6718542958,170687521,2/26/2018 1:51,2/26/2018 1:53,,,,,374bc21d2b3fd42dcfe01881d4,No,6,Strongly Agree,Strongly Disagree,,Strongly Disagree,Strongly Agree,,,,,,No,Law,,,,> 60,Male,"$25,000-$49,999",South Atlantic,Windows Desktop / Laptop
6718542627,170687521,2/26/2018 1:51,2/26/2018 1:53,,,,,6beb024b9a65850df6e1acd9f5,No,2,3,4,,Strongly Disagree,Strongly Agree,,,,,,No,Retail,,,,> 60,Female,"$150,000-$174,999",Pacific,iOS Phone / Tablet
6718541332,170687521,2/26/2018 1:48,2/26/2018 1:51,,,,,cfdb0751ed6ad17f5fd9e31ec0,Unemployed,5,5,7,,2,8,,,,,,No,Education,,,,> 60,Female,"$25,000-$49,999",East North Central,MacOS Desktop / Laptop
6718539389,170687521,2/26/2018 1:39,2/26/2018 1:49,,,,,954a003dbf1cdbdb77e9b8bdbd,No,8,7,2,,9,6,,,,,,Yes,"Finance, Investment, or Accounting",,,,45-60,Female,Prefer not to answer,Pacific,MacOS Desktop / Laptop
6718537975,170687470,2/26/2018 1:45,2/26/2018 1:47,70.113.3.176,,,,,No,8,3,Strongly Agree,,8,Strongly Agree,,,,,Lynda.com,No,Information Technology,,,,,,,,
6718534169,170687521,2/26/2018 1:39,2/26/2018 1:43,,,,,a9957876df103885d9140d59a0,Yes,7,6,7,,5,8,,,,,,Unsure,Retail,,,,45-60,Female,Prefer not to answer,New England,Android Phone / Tablet
6718532937,170687521,2/26/2018 1:41,2/26/2018 1:41,,,,,4c9c671160cb87bfd79bc3ff15,No,7,5,5,,6,6,,,,Pluralsight,,No,Other,,,,18-29,Female,"$50,000-$74,999",Mountain,iOS Phone / Tablet
6718531448,170687521,2/26/2018 1:38,2/26/2018 1:40,,,,,2b4be216d2c914e753f1c288ef,No,6,4,5,,5,7,,,,,,No,Retail,,,,18-29,Female,"$75,000-$99,999",West South Central,iOS Phone / Tablet
6718529121,170687521,2/26/2018 1:35,2/26/2018 1:37,,,,,dadbfe9c80b64703b8f14d734a,No,Strongly Agree,Strongly Agree,Strongly Agree,,Strongly Agree,8,,,,,Lynda.com,No,Other,,,,18-29,Female,"$0-$9,999",Middle Atlantic,iOS Phone / Tablet
6718523741,170687521,2/26/2018 1:25,2/26/2018 1:31,,,,,76ac9394783ff5ad65d8381be3,No,2,Strongly Disagree,8,,5,8,,,,,,Unsure,Retail,,,,> 60,Female,"$10,000-$24,999",South Atlantic,iOS Phone / Tablet
6718523576,170687521,2/26/2018 1:29,2/26/2018 1:31,,,,,412f9d95c0f7dcfd254e155642,Yes,5,4,3,,3,6,,,,,,No,Agriculture,,,,> 60,Female,"$25,000-$49,999",Middle Atlantic,iOS Phone / Tablet
6718521796,170687521,2/26/2018 1:26,2/26/2018 1:29,,,,,ab8333fd1c36296d2b1dbf5378,Yes,Strongly Agree,9,Strongly Agree,,7,3,,Udemy,,,,Yes,Information Technology,,,,30-44,Female,"$50,000-$74,999",South Atlantic,Windows Desktop / Laptop
6718521501,170687521,2/26/2018 1:26,2/26/2018 1:29,,,,,4179b74d552352b52fd4038fcd,No,3,Strongly Disagree,Strongly Agree,,5,5,,Udemy,Coursera,,,No,Health,,,,30-44,Female,"$25,000-$49,999",New England,iOS Phone / Tablet
6718521072,170687521,2/26/2018 1:27,2/26/2018 1:28,,,,,c7b06c1ee1645bdc859b08e422,No,8,9,Strongly Agree,,5,4,,,,,,No,Health,,,,45-60,Female,"$25,000-$49,999",East North Central,Windows Desktop / Laptop
6718517892,170687521,2/26/2018 1:23,2/26/2018 1:25,,,,,c6e63f01ea1d9a68b36837a9b6,No,Strongly Agree,5,8,,Strongly Disagree,7,Udacity,,,,,Yes,Information Technology,,,,18-29,Male,Prefer not to answer,East North Central,Android Phone / Tablet
6718514999,170687521,2/26/2018 1:20,2/26/2018 1:22,,,,,77fb95f361735f93abcd7b015c,Unemployed,8,4,9,,Strongly Disagree,Strongly Agree,,,,,,No,Information Technology,,,,30-44,Female,"$50,000-$74,999",East South Central,Android Phone / Tablet
6718514852,170687521,2/26/2018 1:20,2/26/2018 1:21,,,,,d533077acb95a7416fbef3c552,Yes,8,4,8,,3,9,,Udemy,Coursera,,Lynda.com,Yes,Retail,,,,18-29,Female,"$25,000-$49,999",West South Central,iOS Phone / Tablet
6718514015,170687521,2/26/2018 1:19,2/26/2018 1:21,,,,,a22d003eb48041476221c0dea1,No,7,7,7,,5,6,,,,,,No,Other,,,,> 60,Female,"$50,000-$74,999",Mountain,Windows Desktop / Laptop
6718509725,170687521,2/26/2018 1:13,2/26/2018 1:16,,,,,df8c60abfa5ee475c08786d089,Unemployed,Strongly Agree,3,8,,2,7,,,,,,Unsure,Health,,,,> 60,Male,"$25,000-$49,999",East North Central,Windows Desktop / Laptop
6718508331,170687521,2/26/2018 1:11,2/26/2018 1:14,,,,,7d1e31cbf1c29f42d732dea641,Yes,7,5,7,,7,9,,,Coursera,,,No,Health,,,,> 60,Female,"$10,000-$24,999",South Atlantic,Windows Desktop / Laptop
6718507222,170687521,2/26/2018 1:11,2/26/2018 1:13,,,,,4590987ba10882409d322b7baf,No,7,9,7,,2,3,,Udemy,,,,No,Other,,,,> 60,Male,"$100,000-$124,999",Pacific,Android Phone / Tablet
6718506280,170687521,2/26/2018 1:10,2/26/2018 1:12,,,,,efd1563f29dc0e96da6c23f141,Unemployed,3,Strongly Disagree,7,,Strongly Disagree,Strongly Agree,,,,,,No,"Finance, Investment, or Accounting",,,,> 60,Female,Prefer not to answer,Mountain,iOS Phone / Tablet
6718504234,170687521,2/26/2018 1:08,2/26/2018 1:09,,,,,b83b23b4fb68f46ec28d4d11dd,No,Strongly Agree,8,9,,2,6,,,,Pluralsight,,No,Health,,,,45-60,Female,Prefer not to answer,Pacific,iOS Phone / Tablet
6718499941,170687521,2/26/2018 1:03,2/26/2018 1:05,,,,,c56418009475376b1bbc7a254c,No,Strongly Disagree,Strongly Disagree,Strongly Disagree,,Strongly Disagree,Strongly Disagree,,,,,,No,Other,,,,45-60,Female,"$25,000-$49,999",Middle Atlantic,iOS Phone / Tablet
6718499239,170687521,2/26/2018 1:03,2/26/2018 1:04,,,,,5036d8933d81125c9eba846a90,Unemployed,7,8,8,,7,4,,,,,Lynda.com,No,Other,,,,30-44,Female,"$10,000-$24,999",West South Central,Android Phone / Tablet
6718496332,170687521,2/26/2018 0:59,2/26/2018 1:01,,,,,3b318614dffbd7c26b05dc9e51,Unemployed,4,5,5,,Strongly Agree,Strongly Disagree,,,,,,No,Other,,,,18-29,Female,"$0-$9,999",West South Central,iOS Phone / Tablet
6718494633,170687521,2/26/2018 0:58,2/26/2018 0:59,,,,,d2c9301f0aafaba9e7470dae8c,Yes,6,4,6,,9,8,,,,,Lynda.com,Unsure,Law,,,,30-44,Female,"$200,000+",South Atlantic,Android Phone / Tablet
6718494466,170687521,2/26/2018 0:57,2/26/2018 0:58,,,,,6e353ec4fc6c4ce194149225cf,No,Strongly Agree,Strongly Disagree,5,,3,Strongly Agree,,,,,,No,Other,,,,18-29,Female,"$150,000-$174,999",West South Central,Windows Desktop / Laptop
6718492771,170687521,2/26/2018 0:54,2/26/2018 0:57,,,,,a235c04d387ce2a1f9f0c897cc,No,8,7,7,,7,6,,,,Pluralsight,,No,Other,,,,45-60,Female,"$0-$9,999",Pacific,Android Phone / Tablet
6718488793,170687521,2/26/2018 0:49,2/26/2018 0:52,,,,,e7770604bf6830295eeb62875e,No,4,7,2,,2,9,,,,,,No,Education,,,,> 60,Female,"$150,000-$174,999",East North Central,iOS Phone / Tablet
6718488671,170687521,2/26/2018 0:49,2/26/2018 0:52,,,,,e7ba170d48dd0f5c8db41c2e29,No,6,3,7,,5,8,,,,,,Unsure,Other,,,,30-44,Female,"$50,000-$74,999",Pacific,iOS Phone / Tablet
6718488502,170687521,2/26/2018 0:50,2/26/2018 0:52,,,,,dfeb43680c43804ed3d3f65a6f,Unemployed,3,3,Strongly Agree,,Strongly Agree,4,Udacity,Udemy,,,Lynda.com,No,Information Technology,,,,30-44,Male,"$50,000-$74,999",East South Central,Windows Desktop / Laptop
6718486823,170687521,2/26/2018 0:48,2/26/2018 0:50,,,,,2df940e5f1e89ee40a2d3652ca,No,8,7,Strongly Agree,,5,2,,,,,,Unsure,Other,,,,45-60,Female,"$10,000-$24,999",West North Central,Windows Desktop / Laptop
6718485272,170687521,2/26/2018 0:46,2/26/2018 0:48,,,,,17333d598147d13adc3ea127b9,Yes,8,8,8,,7,9,Udacity,,,,,No,Other,,,,> 60,Male,"$50,000-$74,999",South Atlantic,Windows Desktop / Laptop
6718483259,170687521,2/26/2018 0:44,2/26/2018 0:45,,,,,f3f22415f26e1f4e5ea46dce7d,No,Strongly Agree,5,6,,6,3,,,,,,No,Health,,,,18-29,Female,"$50,000-$74,999",Pacific,Android Phone / Tablet
6718482996,170687521,2/26/2018 0:44,2/26/2018 0:45,,,,,16caf76f356ef9b565169631be,No,5,5,6,,4,4,,,,,,No,Other,,,,45-60,Female,Prefer not to answer,West South Central,Windows Desktop / Laptop
