"Stage Name","Stage Date","Stage Category","General Classification Url","Points Classification Url","Stage Classification Url","Competition Date","Competition Name","Competition Result Page Url","Country","Class Code","getsum","Rider Rank","Rider Name","Rider Nation","Rider Team","Rider Age","Rider Result","Rider Points",
"Stage 3","09 Sep 2009","","https://dataride.uci.ch/iframe/EventResults/140551?competitionId=44809&disciplineId=10","https://dataride.uci.ch/iframe/EventResults/140553?competitionId=44809&disciplineId=10","https://dataride.uci.ch/iframe/EventResults/140550?competitionId=44809&disciplineId=10","07 Sep-13 Sep 2009","Tour of Missouri","https://dataride.uci.ch/iframe/CompetitionResults/44809?disciplineId=10","USA","2.HC","1","40","BOOKWALTER Brent","USA","BMC RACING TEAM","25","+20","",
"Stage 3","09 Sep 2009","","https://dataride.uci.ch/iframe/EventResults/140551?competitionId=44809&disciplineId=10","https://dataride.uci.ch/iframe/EventResults/140553?competitionId=44809&disciplineId=10","https://dataride.uci.ch/iframe/EventResults/140550?competitionId=44809&disciplineId=10","07 Sep-13 Sep 2009","Tour of Missouri","https://dataride.uci.ch/iframe/CompetitionResults/44809?disciplineId=10","USA","2.HC","1","39","COLBY Anthony","USA","COLAVITA / SUTTER HOME PRESENTED BY COOKING LIGHT","30","+20","",
"Stage 3","09 Sep 2009","","https://dataride.uci.ch/iframe/EventResults/140551?competitionId=44809&disciplineId=10","https://dataride.uci.ch/iframe/EventResults/140553?competitionId=44809&disciplineId=10","https://dataride.uci.ch/iframe/EventResults/140550?competitionId=44809&disciplineId=10","07 Sep-13 Sep 2009","Tour of Missouri","https://dataride.uci.ch/iframe/CompetitionResults/44809?disciplineId=10","USA","2.HC","1","38","PINOTTI Marco","ITA","TEAM COLUMBIA - HTC","33","+20","",
"Stage 3","09 Sep 2009","","https://dataride.uci.ch/iframe/EventResults/140551?competitionId=44809&disciplineId=10","https://dataride.uci.ch/iframe/EventResults/140553?competitionId=44809&disciplineId=10","https://dataride.uci.ch/iframe/EventResults/140550?competitionId=44809&disciplineId=10","07 Sep-13 Sep 2009","Tour of Missouri","https://dataride.uci.ch/iframe/CompetitionResults/44809?disciplineId=10","USA","2.HC","1","37","VANDBORG Brian","DEN","LIQUIGAS","28","+20","",
"Stage 3","09 Sep 2009","","https://dataride.uci.ch/iframe/EventResults/140551?competitionId=44809&disciplineId=10","https://dataride.uci.ch/iframe/EventResults/140553?competitionId=44809&disciplineId=10","https://dataride.uci.ch/iframe/EventResults/140550?competitionId=44809&disciplineId=10","07 Sep-13 Sep 2009","Tour of Missouri","https://dataride.uci.ch/iframe/CompetitionResults/44809?disciplineId=10","USA","2.HC","1","36","DONALD Jason","USA","GARMIN - SLIPSTREAM","29","+20","",
"Stage 3","09 Sep 2009","","https://dataride.uci.ch/iframe/EventResults/140551?competitionId=44809&disciplineId=10","https://dataride.uci.ch/iframe/EventResults/140553?competitionId=44809&disciplineId=10","https://dataride.uci.ch/iframe/EventResults/140550?competitionId=44809&disciplineId=10","07 Sep-13 Sep 2009","Tour of Missouri","https://dataride.uci.ch/iframe/CompetitionResults/44809?disciplineId=10","USA","2.HC","1","35","CREED Michael","USA","TEAM TYPE 1","28","+20","",
"Stage 3","09 Sep 2009","","https://dataride.uci.ch/iframe/EventResults/140551?competitionId=44809&disciplineId=10","https://dataride.uci.ch/iframe/EventResults/140553?competitionId=44809&disciplineId=10","https://dataride.uci.ch/iframe/EventResults/140550?competitionId=44809&disciplineId=10","07 Sep-13 Sep 2009","Tour of Missouri","https://dataride.uci.ch/iframe/CompetitionResults/44809?disciplineId=10","USA","2.HC","1","34","PATE Danny","USA","GARMIN - SLIPSTREAM","30","+20","",
"Stage 3","09 Sep 2009","","https://dataride.uci.ch/iframe/EventResults/140551?competitionId=44809&disciplineId=10","https://dataride.uci.ch/iframe/EventResults/140553?competitionId=44809&disciplineId=10","https://dataride.uci.ch/iframe/EventResults/140550?competitionId=44809&disciplineId=10","07 Sep-13 Sep 2009","Tour of Missouri","https://dataride.uci.ch/iframe/CompetitionResults/44809?disciplineId=10","USA","2.HC","1","33","ROMERO AMARAN Luis","CUB","COLAVITA / SUTTER HOME PRESENTED BY COOKING LIGHT","30","+20","",
"Stage 3","09 Sep 2009","","https://dataride.uci.ch/iframe/EventResults/140551?competitionId=44809&disciplineId=10","https://dataride.uci.ch/iframe/EventResults/140553?competitionId=44809&disciplineId=10","https://dataride.uci.ch/iframe/EventResults/140550?competitionId=44809&disciplineId=10","07 Sep-13 Sep 2009","Tour of Missouri","https://dataride.uci.ch/iframe/CompetitionResults/44809?disciplineId=10","USA","2.HC","1","32","KVIST Thomas Vedel","DEN","QUICK STEP","22","+20","",
"Stage 3","09 Sep 2009","","https://dataride.uci.ch/iframe/EventResults/140551?competitionId=44809&disciplineId=10","https://dataride.uci.ch/iframe/EventResults/140553?competitionId=44809&disciplineId=10","https://dataride.uci.ch/iframe/EventResults/140550?competitionId=44809&disciplineId=10","07 Sep-13 Sep 2009","Tour of Missouri","https://dataride.uci.ch/iframe/CompetitionResults/44809?disciplineId=10","USA","2.HC","1","31","SHIRLEY Neil","USA","KELLY BENEFIT STRATEGIES","31","+20","",
"Stage 3","09 Sep 2009","","https://dataride.uci.ch/iframe/EventResults/140551?competitionId=44809&disciplineId=10","https://dataride.uci.ch/iframe/EventResults/140553?competitionId=44809&disciplineId=10","https://dataride.uci.ch/iframe/EventResults/140550?competitionId=44809&disciplineId=10","07 Sep-13 Sep 2009","Tour of Missouri","https://dataride.uci.ch/iframe/CompetitionResults/44809?disciplineId=10","USA","2.HC","1","30","WYSS Danilo","SUI","BMC RACING TEAM","24","+20","",
"Stage 3","09 Sep 2009","","https://dataride.uci.ch/iframe/EventResults/140551?competitionId=44809&disciplineId=10","https://dataride.uci.ch/iframe/EventResults/140553?competitionId=44809&disciplineId=10","https://dataride.uci.ch/iframe/EventResults/140550?competitionId=44809&disciplineId=10","07 Sep-13 Sep 2009","Tour of Missouri","https://dataride.uci.ch/iframe/CompetitionResults/44809?disciplineId=10","USA","2.HC","1","29","RAST Gregory","SUI","ASTANA","29","+20","",
"Stage 3","09 Sep 2009","","https://dataride.uci.ch/iframe/EventResults/140551?competitionId=44809&disciplineId=10","https://dataride.uci.ch/iframe/EventResults/140553?competitionId=44809&disciplineId=10","https://dataride.uci.ch/iframe/EventResults/140550?competitionId=44809&disciplineId=10","07 Sep-13 Sep 2009","Tour of Missouri","https://dataride.uci.ch/iframe/CompetitionResults/44809?disciplineId=10","USA","2.HC","1","28","BOIVIN Guillaume","CAN","PLANET ENERGY","20","+20","",
"Stage 3","09 Sep 2009","","https://dataride.uci.ch/iframe/EventResults/140551?competitionId=44809&disciplineId=10","https://dataride.uci.ch/iframe/EventResults/140553?competitionId=44809&disciplineId=10","https://dataride.uci.ch/iframe/EventResults/140550?competitionId=44809&disciplineId=10","07 Sep-13 Sep 2009","Tour of Missouri","https://dataride.uci.ch/iframe/CompetitionResults/44809?disciplineId=10","USA","2.HC","1","27","HINCAPIE George","USA","TEAM COLUMBIA - HTC","36","+20","",
"Stage 3","09 Sep 2009","","https://dataride.uci.ch/iframe/EventResults/140551?competitionId=44809&disciplineId=10","https://dataride.uci.ch/iframe/EventResults/140553?competitionId=44809&disciplineId=10","https://dataride.uci.ch/iframe/EventResults/140550?competitionId=44809&disciplineId=10","07 Sep-13 Sep 2009","Tour of Missouri","https://dataride.uci.ch/iframe/CompetitionResults/44809?disciplineId=10","USA","2.HC","1","26","RICE Matthew","AUS","JELLY BELLY CYCLING TEAM","30","+20","",
"Stage 3","09 Sep 2009","","https://dataride.uci.ch/iframe/EventResults/140551?competitionId=44809&disciplineId=10","https://dataride.uci.ch/iframe/EventResults/140553?competitionId=44809&disciplineId=10","https://dataride.uci.ch/iframe/EventResults/140550?competitionId=44809&disciplineId=10","07 Sep-13 Sep 2009","Tour of Missouri","https://dataride.uci.ch/iframe/CompetitionResults/44809?disciplineId=10","USA","2.HC","1","25","CORNU Dominique","BEL","QUICK STEP","24","+20","",
"Stage 3","09 Sep 2009","","https://dataride.uci.ch/iframe/EventResults/140551?competitionId=44809&disciplineId=10","https://dataride.uci.ch/iframe/EventResults/140553?competitionId=44809&disciplineId=10","https://dataride.uci.ch/iframe/EventResults/140550?competitionId=44809&disciplineId=10","07 Sep-13 Sep 2009","Tour of Missouri","https://dataride.uci.ch/iframe/CompetitionResults/44809?disciplineId=10","USA","2.HC","1","24","PIPP Frank Kevin","USA","BISSELL PRO CYCLING","32","+20","",
"Stage 3","09 Sep 2009","","https://dataride.uci.ch/iframe/EventResults/140551?competitionId=44809&disciplineId=10","https://dataride.uci.ch/iframe/EventResults/140553?competitionId=44809&disciplineId=10","https://dataride.uci.ch/iframe/EventResults/140550?competitionId=44809&disciplineId=10","07 Sep-13 Sep 2009","Tour of Missouri","https://dataride.uci.ch/iframe/CompetitionResults/44809?disciplineId=10","USA","2.HC","1","23","VEILLEUX David","CAN","KELLY BENEFIT STRATEGIES","22","+20","",
"Stage 3","09 Sep 2009","","https://dataride.uci.ch/iframe/EventResults/140551?competitionId=44809&disciplineId=10","https://dataride.uci.ch/iframe/EventResults/140553?competitionId=44809&disciplineId=10","https://dataride.uci.ch/iframe/EventResults/140550?competitionId=44809&disciplineId=10","07 Sep-13 Sep 2009","Tour of Missouri","https://dataride.uci.ch/iframe/CompetitionResults/44809?disciplineId=10","USA","2.HC","1","22","HAEDO Lucas Sebastian","ARG","COLAVITA / SUTTER HOME PRESENTED BY COOKING LIGHT","26","+20","",
"Stage 3","09 Sep 2009","","https://dataride.uci.ch/iframe/EventResults/140551?competitionId=44809&disciplineId=10","https://dataride.uci.ch/iframe/EventResults/140553?competitionId=44809&disciplineId=10","https://dataride.uci.ch/iframe/EventResults/140550?competitionId=44809&disciplineId=10","07 Sep-13 Sep 2009","Tour of Missouri","https://dataride.uci.ch/iframe/CompetitionResults/44809?disciplineId=10","USA","2.HC","1","21","SEELDRAEYERS Kevin","BEL","QUICK STEP","23","+20","",
"Stage 3","09 Sep 2009","","https://dataride.uci.ch/iframe/EventResults/140551?competitionId=44809&disciplineId=10","https://dataride.uci.ch/iframe/EventResults/140553?competitionId=44809&disciplineId=10","https://dataride.uci.ch/iframe/EventResults/140550?competitionId=44809&disciplineId=10","07 Sep-13 Sep 2009","Tour of Missouri","https://dataride.uci.ch/iframe/CompetitionResults/44809?disciplineId=10","USA","2.HC","1","20","BRAJKOVIC Janez","SLO","ASTANA","26","+20","",
"Stage 3","09 Sep 2009","","https://dataride.uci.ch/iframe/EventResults/140551?competitionId=44809&disciplineId=10","https://dataride.uci.ch/iframe/EventResults/140553?competitionId=44809&disciplineId=10","https://dataride.uci.ch/iframe/EventResults/140550?competitionId=44809&disciplineId=10","07 Sep-13 Sep 2009","Tour of Missouri","https://dataride.uci.ch/iframe/CompetitionResults/44809?disciplineId=10","USA","2.HC","1","19","ROBERT Frederique","BEL","QUICK STEP","20","+20","",
"Stage 3","09 Sep 2009","","https://dataride.uci.ch/iframe/EventResults/140551?competitionId=44809&disciplineId=10","https://dataride.uci.ch/iframe/EventResults/140553?competitionId=44809&disciplineId=10","https://dataride.uci.ch/iframe/EventResults/140550?competitionId=44809&disciplineId=10","07 Sep-13 Sep 2009","Tour of Missouri","https://dataride.uci.ch/iframe/CompetitionResults/44809?disciplineId=10","USA","2.HC","1","18","FRATTINI Davide","ITA","COLAVITA / SUTTER HOME PRESENTED BY COOKING LIGHT","31","+20","",
"Stage 3","09 Sep 2009","","https://dataride.uci.ch/iframe/EventResults/140551?competitionId=44809&disciplineId=10","https://dataride.uci.ch/iframe/EventResults/140553?competitionId=44809&disciplineId=10","https://dataride.uci.ch/iframe/EventResults/140550?competitionId=44809&disciplineId=10","07 Sep-13 Sep 2009","Tour of Missouri","https://dataride.uci.ch/iframe/CompetitionResults/44809?disciplineId=10","USA","2.HC","1","17","CANDELARIO Alexander","USA","KELLY BENEFIT STRATEGIES","34","+20","",
"Stage 3","09 Sep 2009","","https://dataride.uci.ch/iframe/EventResults/140551?competitionId=44809&disciplineId=10","https://dataride.uci.ch/iframe/EventResults/140553?competitionId=44809&disciplineId=10","https://dataride.uci.ch/iframe/EventResults/140550?competitionId=44809&disciplineId=10","07 Sep-13 Sep 2009","Tour of Missouri","https://dataride.uci.ch/iframe/CompetitionResults/44809?disciplineId=10","USA","2.HC","1","16","OSS Daniel","ITA","LIQUIGAS","22","+20","",
"Stage 3","09 Sep 2009","","https://dataride.uci.ch/iframe/EventResults/140551?competitionId=44809&disciplineId=10","https://dataride.uci.ch/iframe/EventResults/140553?competitionId=44809&disciplineId=10","https://dataride.uci.ch/iframe/EventResults/140550?competitionId=44809&disciplineId=10","07 Sep-13 Sep 2009","Tour of Missouri","https://dataride.uci.ch/iframe/CompetitionResults/44809?disciplineId=10","USA","2.HC","1","15","MALACARNE Davide","ITA","QUICK STEP","22","+20","",
"Stage 3","09 Sep 2009","","https://dataride.uci.ch/iframe/EventResults/140551?competitionId=44809&disciplineId=10","https://dataride.uci.ch/iframe/EventResults/140553?competitionId=44809&disciplineId=10","https://dataride.uci.ch/iframe/EventResults/140550?competitionId=44809&disciplineId=10","07 Sep-13 Sep 2009","Tour of Missouri","https://dataride.uci.ch/iframe/CompetitionResults/44809?disciplineId=10","USA","2.HC","1","14","CRUZ Antonio","USA","BMC RACING TEAM","38","+20","",
"Stage 3","09 Sep 2009","","https://dataride.uci.ch/iframe/EventResults/140551?competitionId=44809&disciplineId=10","https://dataride.uci.ch/iframe/EventResults/140553?competitionId=44809&disciplineId=10","https://dataride.uci.ch/iframe/EventResults/140550?competitionId=44809&disciplineId=10","07 Sep-13 Sep 2009","Tour of Missouri","https://dataride.uci.ch/iframe/CompetitionResults/44809?disciplineId=10","USA","2.HC","1","13","REIJNEN Kiel","USA","JELLY BELLY CYCLING TEAM","23","+19","",
"Stage 3","09 Sep 2009","","https://dataride.uci.ch/iframe/EventResults/140551?competitionId=44809&disciplineId=10","https://dataride.uci.ch/iframe/EventResults/140553?competitionId=44809&disciplineId=10","https://dataride.uci.ch/iframe/EventResults/140550?competitionId=44809&disciplineId=10","07 Sep-13 Sep 2009","Tour of Missouri","https://dataride.uci.ch/iframe/CompetitionResults/44809?disciplineId=10","USA","2.HC","1","12","WILSON Matthew","AUS","TEAM TYPE 1","32","+18","",
"Stage 3","09 Sep 2009","","https://dataride.uci.ch/iframe/EventResults/140551?competitionId=44809&disciplineId=10","https://dataride.uci.ch/iframe/EventResults/140553?competitionId=44809&disciplineId=10","https://dataride.uci.ch/iframe/EventResults/140550?competitionId=44809&disciplineId=10","07 Sep-13 Sep 2009","Tour of Missouri","https://dataride.uci.ch/iframe/CompetitionResults/44809?disciplineId=10","USA","2.HC","1","11","BAK YTTING Lars","DEN","TEAM SAXO BANK","29","+18","",
"Stage 3","09 Sep 2009","","https://dataride.uci.ch/iframe/EventResults/140551?competitionId=44809&disciplineId=10","https://dataride.uci.ch/iframe/EventResults/140553?competitionId=44809&disciplineId=10","https://dataride.uci.ch/iframe/EventResults/140550?competitionId=44809&disciplineId=10","07 Sep-13 Sep 2009","Tour of Missouri","https://dataride.uci.ch/iframe/CompetitionResults/44809?disciplineId=10","USA","2.HC","1","10","DUGGAN Timothy","USA","GARMIN - SLIPSTREAM","27","+17","",
"Stage 3","09 Sep 2009","","https://dataride.uci.ch/iframe/EventResults/140551?competitionId=44809&disciplineId=10","https://dataride.uci.ch/iframe/EventResults/140553?competitionId=44809&disciplineId=10","https://dataride.uci.ch/iframe/EventResults/140550?competitionId=44809&disciplineId=10","07 Sep-13 Sep 2009","Tour of Missouri","https://dataride.uci.ch/iframe/CompetitionResults/44809?disciplineId=10","USA","2.HC","1","9","ROGERS Michael","AUS","TEAM COLUMBIA - HTC","30","+17","",
"Stage 3","09 Sep 2009","","https://dataride.uci.ch/iframe/EventResults/140551?competitionId=44809&disciplineId=10","https://dataride.uci.ch/iframe/EventResults/140553?competitionId=44809&disciplineId=10","https://dataride.uci.ch/iframe/EventResults/140550?competitionId=44809&disciplineId=10","07 Sep-13 Sep 2009","Tour of Missouri","https://dataride.uci.ch/iframe/CompetitionResults/44809?disciplineId=10","USA","2.HC","1","8","SÖRENSEN Chris Anker","DEN","TEAM SAXO BANK","25","+16","",
"Stage 3","09 Sep 2009","","https://dataride.uci.ch/iframe/EventResults/140551?competitionId=44809&disciplineId=10","https://dataride.uci.ch/iframe/EventResults/140553?competitionId=44809&disciplineId=10","https://dataride.uci.ch/iframe/EventResults/140550?competitionId=44809&disciplineId=10","07 Sep-13 Sep 2009","Tour of Missouri","https://dataride.uci.ch/iframe/CompetitionResults/44809?disciplineId=10","USA","2.HC","1","7","CATALDO Dario","ITA","QUICK STEP","24","+16","",
"Stage 3","09 Sep 2009","","https://dataride.uci.ch/iframe/EventResults/140551?competitionId=44809&disciplineId=10","https://dataride.uci.ch/iframe/EventResults/140553?competitionId=44809&disciplineId=10","https://dataride.uci.ch/iframe/EventResults/140550?competitionId=44809&disciplineId=10","07 Sep-13 Sep 2009","Tour of Missouri","https://dataride.uci.ch/iframe/CompetitionResults/44809?disciplineId=10","USA","2.HC","1","6","FRIEDMAN Michael","USA","GARMIN - SLIPSTREAM","27","+14","",
"Stage 3","09 Sep 2009","","https://dataride.uci.ch/iframe/EventResults/140551?competitionId=44809&disciplineId=10","https://dataride.uci.ch/iframe/EventResults/140553?competitionId=44809&disciplineId=10","https://dataride.uci.ch/iframe/EventResults/140550?competitionId=44809&disciplineId=10","07 Sep-13 Sep 2009","Tour of Missouri","https://dataride.uci.ch/iframe/CompetitionResults/44809?disciplineId=10","USA","2.HC","1","5","VAITKUS Tomas","LTU","ASTANA","27","+14","",
"Stage 3","09 Sep 2009","","https://dataride.uci.ch/iframe/EventResults/140551?competitionId=44809&disciplineId=10","https://dataride.uci.ch/iframe/EventResults/140553?competitionId=44809&disciplineId=10","https://dataride.uci.ch/iframe/EventResults/140550?competitionId=44809&disciplineId=10","07 Sep-13 Sep 2009","Tour of Missouri","https://dataride.uci.ch/iframe/CompetitionResults/44809?disciplineId=10","USA","2.HC","1","4","ALDAPE CHAVEZ Moises","MEX","TEAM TYPE 1","28","+12","",
"Stage 3","09 Sep 2009","","https://dataride.uci.ch/iframe/EventResults/140551?competitionId=44809&disciplineId=10","https://dataride.uci.ch/iframe/EventResults/140553?competitionId=44809&disciplineId=10","https://dataride.uci.ch/iframe/EventResults/140550?competitionId=44809&disciplineId=10","07 Sep-13 Sep 2009","Tour of Missouri","https://dataride.uci.ch/iframe/CompetitionResults/44809?disciplineId=10","USA","2.HC","1","3","HAEDO Juan José","ARG","TEAM SAXO BANK","28","+4","",
"Stage 3","09 Sep 2009","","https://dataride.uci.ch/iframe/EventResults/140551?competitionId=44809&disciplineId=10","https://dataride.uci.ch/iframe/EventResults/140553?competitionId=44809&disciplineId=10","https://dataride.uci.ch/iframe/EventResults/140550?competitionId=44809&disciplineId=10","07 Sep-13 Sep 2009","Tour of Missouri","https://dataride.uci.ch/iframe/CompetitionResults/44809?disciplineId=10","USA","2.HC","1","2","CAVENDISH Mark","GBR","TEAM COLUMBIA - HTC","24","+0","",
"Stage 3","09 Sep 2009","","https://dataride.uci.ch/iframe/EventResults/140551?competitionId=44809&disciplineId=10","https://dataride.uci.ch/iframe/EventResults/140553?competitionId=44809&disciplineId=10","https://dataride.uci.ch/iframe/EventResults/140550?competitionId=44809&disciplineId=10","07 Sep-13 Sep 2009","Tour of Missouri","https://dataride.uci.ch/iframe/CompetitionResults/44809?disciplineId=10","USA","2.HC","1","1","HUSHOVD Thor","NOR","CERVELO TEST TEAM","31","11:27:19","",
"Final Classification","13 Sep 2009","","https://dataride.uci.ch/iframe/EventResults/140536?competitionId=44809&disciplineId=10","https://dataride.uci.ch/iframe/EventResults/140538?competitionId=44809&disciplineId=10","","07 Sep-13 Sep 2009","Tour of Missouri","https://dataride.uci.ch/iframe/CompetitionResults/44809?disciplineId=10","USA","2.HC","1","40","WYSS Danilo","SUI","BMC RACING TEAM","24","+3:04","",
"Final Classification","13 Sep 2009","","https://dataride.uci.ch/iframe/EventResults/140536?competitionId=44809&disciplineId=10","https://dataride.uci.ch/iframe/EventResults/140538?competitionId=44809&disciplineId=10","","07 Sep-13 Sep 2009","Tour of Missouri","https://dataride.uci.ch/iframe/CompetitionResults/44809?disciplineId=10","USA","2.HC","1","39","CANDELARIO Alexander","USA","KELLY BENEFIT STRATEGIES","34","+3:03","",
"Final Classification","13 Sep 2009","","https://dataride.uci.ch/iframe/EventResults/140536?competitionId=44809&disciplineId=10","https://dataride.uci.ch/iframe/EventResults/140538?competitionId=44809&disciplineId=10","","07 Sep-13 Sep 2009","Tour of Missouri","https://dataride.uci.ch/iframe/CompetitionResults/44809?disciplineId=10","USA","2.HC","1","38","ROTH Ryan","CAN","PLANET ENERGY","26","+3:00","",
"Final Classification","13 Sep 2009","","https://dataride.uci.ch/iframe/EventResults/140536?competitionId=44809&disciplineId=10","https://dataride.uci.ch/iframe/EventResults/140538?competitionId=44809&disciplineId=10","","07 Sep-13 Sep 2009","Tour of Missouri","https://dataride.uci.ch/iframe/CompetitionResults/44809?disciplineId=10","USA","2.HC","1","37","MENZIES Karl","AUS","OUCH PRESENTED BY MAXXIS","32","+2:51","",
"Final Classification","13 Sep 2009","","https://dataride.uci.ch/iframe/EventResults/140536?competitionId=44809&disciplineId=10","https://dataride.uci.ch/iframe/EventResults/140538?competitionId=44809&disciplineId=10","","07 Sep-13 Sep 2009","Tour of Missouri","https://dataride.uci.ch/iframe/CompetitionResults/44809?disciplineId=10","USA","2.HC","1","36","DYACHENKO Alexsandr","KAZ","ASTANA","26","+2:41","",
"Final Classification","13 Sep 2009","","https://dataride.uci.ch/iframe/EventResults/140536?competitionId=44809&disciplineId=10","https://dataride.uci.ch/iframe/EventResults/140538?competitionId=44809&disciplineId=10","","07 Sep-13 Sep 2009","Tour of Missouri","https://dataride.uci.ch/iframe/CompetitionResults/44809?disciplineId=10","USA","2.HC","1","35","MUMFORD Reid","USA","KELLY BENEFIT STRATEGIES","33","+2:36","",
"Final Classification","13 Sep 2009","","https://dataride.uci.ch/iframe/EventResults/140536?competitionId=44809&disciplineId=10","https://dataride.uci.ch/iframe/EventResults/140538?competitionId=44809&disciplineId=10","","07 Sep-13 Sep 2009","Tour of Missouri","https://dataride.uci.ch/iframe/CompetitionResults/44809?disciplineId=10","USA","2.HC","1","34","STEWART Jackson","USA","BMC RACING TEAM","29","+2:34","",
"Final Classification","13 Sep 2009","","https://dataride.uci.ch/iframe/EventResults/140536?competitionId=44809&disciplineId=10","https://dataride.uci.ch/iframe/EventResults/140538?competitionId=44809&disciplineId=10","","07 Sep-13 Sep 2009","Tour of Missouri","https://dataride.uci.ch/iframe/CompetitionResults/44809?disciplineId=10","USA","2.HC","1","33","LANCASTER Brett","AUS","CERVELO TEST TEAM","30","+2:28","",
"Final Classification","13 Sep 2009","","https://dataride.uci.ch/iframe/EventResults/140536?competitionId=44809&disciplineId=10","https://dataride.uci.ch/iframe/EventResults/140538?competitionId=44809&disciplineId=10","","07 Sep-13 Sep 2009","Tour of Missouri","https://dataride.uci.ch/iframe/CompetitionResults/44809?disciplineId=10","USA","2.HC","1","32","BALDWIN Christopher","USA","OUCH PRESENTED BY MAXXIS","34","+2:24","",
"Final Classification","13 Sep 2009","","https://dataride.uci.ch/iframe/EventResults/140536?competitionId=44809&disciplineId=10","https://dataride.uci.ch/iframe/EventResults/140538?competitionId=44809&disciplineId=10","","07 Sep-13 Sep 2009","Tour of Missouri","https://dataride.uci.ch/iframe/CompetitionResults/44809?disciplineId=10","USA","2.HC","1","31","ROMERO AMARAN Luis","CUB","COLAVITA / SUTTER HOME PRESENTED BY COOKING LIGHT","30","+2:19","",
"Final Classification","13 Sep 2009","","https://dataride.uci.ch/iframe/EventResults/140536?competitionId=44809&disciplineId=10","https://dataride.uci.ch/iframe/EventResults/140538?competitionId=44809&disciplineId=10","","07 Sep-13 Sep 2009","Tour of Missouri","https://dataride.uci.ch/iframe/CompetitionResults/44809?disciplineId=10","USA","2.HC","1","30","VEILLEUX David","CAN","KELLY BENEFIT STRATEGIES","22","+2:18","",
"Final Classification","13 Sep 2009","","https://dataride.uci.ch/iframe/EventResults/140536?competitionId=44809&disciplineId=10","https://dataride.uci.ch/iframe/EventResults/140538?competitionId=44809&disciplineId=10","","07 Sep-13 Sep 2009","Tour of Missouri","https://dataride.uci.ch/iframe/CompetitionResults/44809?disciplineId=10","USA","2.HC","1","29","CRUZ Antonio","USA","BMC RACING TEAM","38","+2:17","",
"Final Classification","13 Sep 2009","","https://dataride.uci.ch/iframe/EventResults/140536?competitionId=44809&disciplineId=10","https://dataride.uci.ch/iframe/EventResults/140538?competitionId=44809&disciplineId=10","","07 Sep-13 Sep 2009","Tour of Missouri","https://dataride.uci.ch/iframe/CompetitionResults/44809?disciplineId=10","USA","2.HC","1","28","LILL Darren","RSA","TEAM TYPE 1","27","+2:16","",
"Final Classification","13 Sep 2009","","https://dataride.uci.ch/iframe/EventResults/140536?competitionId=44809&disciplineId=10","https://dataride.uci.ch/iframe/EventResults/140538?competitionId=44809&disciplineId=10","","07 Sep-13 Sep 2009","Tour of Missouri","https://dataride.uci.ch/iframe/CompetitionResults/44809?disciplineId=10","USA","2.HC","1","27","HINCAPIE George","USA","TEAM COLUMBIA - HTC","36","+2:15","",
"Final Classification","13 Sep 2009","","https://dataride.uci.ch/iframe/EventResults/140536?competitionId=44809&disciplineId=10","https://dataride.uci.ch/iframe/EventResults/140538?competitionId=44809&disciplineId=10","","07 Sep-13 Sep 2009","Tour of Missouri","https://dataride.uci.ch/iframe/CompetitionResults/44809?disciplineId=10","USA","2.HC","1","26","WYSS Marcel","SUI","CERVELO TEST TEAM","23","+2:13","",
"Final Classification","13 Sep 2009","","https://dataride.uci.ch/iframe/EventResults/140536?competitionId=44809&disciplineId=10","https://dataride.uci.ch/iframe/EventResults/140538?competitionId=44809&disciplineId=10","","07 Sep-13 Sep 2009","Tour of Missouri","https://dataride.uci.ch/iframe/CompetitionResults/44809?disciplineId=10","USA","2.HC","1","25","CREED Michael","USA","TEAM TYPE 1","28","+2:08","",
"Final Classification","13 Sep 2009","","https://dataride.uci.ch/iframe/EventResults/140536?competitionId=44809&disciplineId=10","https://dataride.uci.ch/iframe/EventResults/140538?competitionId=44809&disciplineId=10","","07 Sep-13 Sep 2009","Tour of Missouri","https://dataride.uci.ch/iframe/CompetitionResults/44809?disciplineId=10","USA","2.HC","1","24","BARRY Michael","CAN","TEAM COLUMBIA - HTC","34","+2:06","",
"Final Classification","13 Sep 2009","","https://dataride.uci.ch/iframe/EventResults/140536?competitionId=44809&disciplineId=10","https://dataride.uci.ch/iframe/EventResults/140538?competitionId=44809&disciplineId=10","","07 Sep-13 Sep 2009","Tour of Missouri","https://dataride.uci.ch/iframe/CompetitionResults/44809?disciplineId=10","USA","2.HC","1","23","PATE Danny","USA","GARMIN - SLIPSTREAM","30","+2:05","",
"Final Classification","13 Sep 2009","","https://dataride.uci.ch/iframe/EventResults/140536?competitionId=44809&disciplineId=10","https://dataride.uci.ch/iframe/EventResults/140538?competitionId=44809&disciplineId=10","","07 Sep-13 Sep 2009","Tour of Missouri","https://dataride.uci.ch/iframe/CompetitionResults/44809?disciplineId=10","USA","2.HC","1","22","SÖRENSEN Nicki","DEN","TEAM SAXO BANK","34","+2:02","",
"Final Classification","13 Sep 2009","","https://dataride.uci.ch/iframe/EventResults/140536?competitionId=44809&disciplineId=10","https://dataride.uci.ch/iframe/EventResults/140538?competitionId=44809&disciplineId=10","","07 Sep-13 Sep 2009","Tour of Missouri","https://dataride.uci.ch/iframe/CompetitionResults/44809?disciplineId=10","USA","2.HC","1","21","OSS Daniel","ITA","LIQUIGAS","22","+1:58","",
"Final Classification","13 Sep 2009","","https://dataride.uci.ch/iframe/EventResults/140536?competitionId=44809&disciplineId=10","https://dataride.uci.ch/iframe/EventResults/140538?competitionId=44809&disciplineId=10","","07 Sep-13 Sep 2009","Tour of Missouri","https://dataride.uci.ch/iframe/CompetitionResults/44809?disciplineId=10","USA","2.HC","1","20","LATHAM Peter","NZL","BISSELL PRO CYCLING","25","+1:55","",
"Final Classification","13 Sep 2009","","https://dataride.uci.ch/iframe/EventResults/140536?competitionId=44809&disciplineId=10","https://dataride.uci.ch/iframe/EventResults/140538?competitionId=44809&disciplineId=10","","07 Sep-13 Sep 2009","Tour of Missouri","https://dataride.uci.ch/iframe/CompetitionResults/44809?disciplineId=10","USA","2.HC","1","19","BOOKWALTER Brent","USA","BMC RACING TEAM","25","+1:50","",
"Final Classification","13 Sep 2009","","https://dataride.uci.ch/iframe/EventResults/140536?competitionId=44809&disciplineId=10","https://dataride.uci.ch/iframe/EventResults/140538?competitionId=44809&disciplineId=10","","07 Sep-13 Sep 2009","Tour of Missouri","https://dataride.uci.ch/iframe/CompetitionResults/44809?disciplineId=10","USA","2.HC","1","18","FREI Thomas","SUI","BMC RACING TEAM","24","+1:46","",
"Final Classification","13 Sep 2009","","https://dataride.uci.ch/iframe/EventResults/140536?competitionId=44809&disciplineId=10","https://dataride.uci.ch/iframe/EventResults/140538?competitionId=44809&disciplineId=10","","07 Sep-13 Sep 2009","Tour of Missouri","https://dataride.uci.ch/iframe/CompetitionResults/44809?disciplineId=10","USA","2.HC","1","17","DUGGAN Timothy","USA","GARMIN - SLIPSTREAM","27","+1:43","",
"Final Classification","13 Sep 2009","","https://dataride.uci.ch/iframe/EventResults/140536?competitionId=44809&disciplineId=10","https://dataride.uci.ch/iframe/EventResults/140538?competitionId=44809&disciplineId=10","","07 Sep-13 Sep 2009","Tour of Missouri","https://dataride.uci.ch/iframe/CompetitionResults/44809?disciplineId=10","USA","2.HC","1","16","ROGERS Michael","AUS","TEAM COLUMBIA - HTC","30","+1:43","",
"Final Classification","13 Sep 2009","","https://dataride.uci.ch/iframe/EventResults/140536?competitionId=44809&disciplineId=10","https://dataride.uci.ch/iframe/EventResults/140538?competitionId=44809&disciplineId=10","","07 Sep-13 Sep 2009","Tour of Missouri","https://dataride.uci.ch/iframe/CompetitionResults/44809?disciplineId=10","USA","2.HC","1","15","VENNELL Jeremy","NZL","BISSELL PRO CYCLING","29","+1:41","",
"Final Classification","13 Sep 2009","","https://dataride.uci.ch/iframe/EventResults/140536?competitionId=44809&disciplineId=10","https://dataride.uci.ch/iframe/EventResults/140538?competitionId=44809&disciplineId=10","","07 Sep-13 Sep 2009","Tour of Missouri","https://dataride.uci.ch/iframe/CompetitionResults/44809?disciplineId=10","USA","2.HC","1","14","ZWIZANSKI Scott","USA","KELLY BENEFIT STRATEGIES","32","+1:32","",
"Final Classification","13 Sep 2009","","https://dataride.uci.ch/iframe/EventResults/140536?competitionId=44809&disciplineId=10","https://dataride.uci.ch/iframe/EventResults/140538?competitionId=44809&disciplineId=10","","07 Sep-13 Sep 2009","Tour of Missouri","https://dataride.uci.ch/iframe/CompetitionResults/44809?disciplineId=10","USA","2.HC","1","13","MCCARTNEY Jason","USA","TEAM SAXO BANK","36","+1:31","",
"Final Classification","13 Sep 2009","","https://dataride.uci.ch/iframe/EventResults/140536?competitionId=44809&disciplineId=10","https://dataride.uci.ch/iframe/EventResults/140538?competitionId=44809&disciplineId=10","","07 Sep-13 Sep 2009","Tour of Missouri","https://dataride.uci.ch/iframe/CompetitionResults/44809?disciplineId=10","USA","2.HC","1","12","VANDBORG Brian","DEN","LIQUIGAS","28","+1:31","",
"Final Classification","13 Sep 2009","","https://dataride.uci.ch/iframe/EventResults/140536?competitionId=44809&disciplineId=10","https://dataride.uci.ch/iframe/EventResults/140538?competitionId=44809&disciplineId=10","","07 Sep-13 Sep 2009","Tour of Missouri","https://dataride.uci.ch/iframe/CompetitionResults/44809?disciplineId=10","USA","2.HC","1","11","BRAJKOVIC Janez","SLO","ASTANA","26","+1:30","",
"Final Classification","13 Sep 2009","","https://dataride.uci.ch/iframe/EventResults/140536?competitionId=44809&disciplineId=10","https://dataride.uci.ch/iframe/EventResults/140538?competitionId=44809&disciplineId=10","","07 Sep-13 Sep 2009","Tour of Missouri","https://dataride.uci.ch/iframe/CompetitionResults/44809?disciplineId=10","USA","2.HC","1","10","SUTHERLAND Rory","AUS","OUCH PRESENTED BY MAXXIS","27","+1:22","",
"Final Classification","13 Sep 2009","","https://dataride.uci.ch/iframe/EventResults/140536?competitionId=44809&disciplineId=10","https://dataride.uci.ch/iframe/EventResults/140538?competitionId=44809&disciplineId=10","","07 Sep-13 Sep 2009","Tour of Missouri","https://dataride.uci.ch/iframe/CompetitionResults/44809?disciplineId=10","USA","2.HC","1","9","BAK YTTING Lars","DEN","TEAM SAXO BANK","29","+1:16","",
"Final Classification","13 Sep 2009","","https://dataride.uci.ch/iframe/EventResults/140536?competitionId=44809&disciplineId=10","https://dataride.uci.ch/iframe/EventResults/140538?competitionId=44809&disciplineId=10","","07 Sep-13 Sep 2009","Tour of Missouri","https://dataride.uci.ch/iframe/CompetitionResults/44809?disciplineId=10","USA","2.HC","1","8","CORNU Dominique","BEL","QUICK STEP","24","+1:15","",
"Final Classification","13 Sep 2009","","https://dataride.uci.ch/iframe/EventResults/140536?competitionId=44809&disciplineId=10","https://dataride.uci.ch/iframe/EventResults/140538?competitionId=44809&disciplineId=10","","07 Sep-13 Sep 2009","Tour of Missouri","https://dataride.uci.ch/iframe/CompetitionResults/44809?disciplineId=10","USA","2.HC","1","7","JACQUES-MAYNES Ben","USA","BISSELL PRO CYCLING","31","+1:13","",
"Final Classification","13 Sep 2009","","https://dataride.uci.ch/iframe/EventResults/140536?competitionId=44809&disciplineId=10","https://dataride.uci.ch/iframe/EventResults/140538?competitionId=44809&disciplineId=10","","07 Sep-13 Sep 2009","Tour of Missouri","https://dataride.uci.ch/iframe/CompetitionResults/44809?disciplineId=10","USA","2.HC","1","6","LEIPHEIMER Levi","USA","ASTANA","36","+1:09","",
"Final Classification","13 Sep 2009","","https://dataride.uci.ch/iframe/EventResults/140536?competitionId=44809&disciplineId=10","https://dataride.uci.ch/iframe/EventResults/140538?competitionId=44809&disciplineId=10","","07 Sep-13 Sep 2009","Tour of Missouri","https://dataride.uci.ch/iframe/CompetitionResults/44809?disciplineId=10","USA","2.HC","1","5","CATALDO Dario","ITA","QUICK STEP","24","+1:02","",
"Final Classification","13 Sep 2009","","https://dataride.uci.ch/iframe/EventResults/140536?competitionId=44809&disciplineId=10","https://dataride.uci.ch/iframe/EventResults/140538?competitionId=44809&disciplineId=10","","07 Sep-13 Sep 2009","Tour of Missouri","https://dataride.uci.ch/iframe/CompetitionResults/44809?disciplineId=10","USA","2.HC","1","4","ZIRBEL Tom","USA","BISSELL PRO CYCLING","31","+44","",
"Final Classification","13 Sep 2009","","https://dataride.uci.ch/iframe/EventResults/140536?competitionId=44809&disciplineId=10","https://dataride.uci.ch/iframe/EventResults/140538?competitionId=44809&disciplineId=10","","07 Sep-13 Sep 2009","Tour of Missouri","https://dataride.uci.ch/iframe/CompetitionResults/44809?disciplineId=10","USA","2.HC","1","3","PINOTTI Marco","ITA","TEAM COLUMBIA - HTC","33","+42","",
"Final Classification","13 Sep 2009","","https://dataride.uci.ch/iframe/EventResults/140536?competitionId=44809&disciplineId=10","https://dataride.uci.ch/iframe/EventResults/140538?competitionId=44809&disciplineId=10","","07 Sep-13 Sep 2009","Tour of Missouri","https://dataride.uci.ch/iframe/CompetitionResults/44809?disciplineId=10","USA","2.HC","1","2","LARSSON Gustav","SWE","TEAM SAXO BANK","29","+30","",
"Final Classification","13 Sep 2009","","https://dataride.uci.ch/iframe/EventResults/140536?competitionId=44809&disciplineId=10","https://dataride.uci.ch/iframe/EventResults/140538?competitionId=44809&disciplineId=10","","07 Sep-13 Sep 2009","Tour of Missouri","https://dataride.uci.ch/iframe/CompetitionResults/44809?disciplineId=10","USA","2.HC","1","1","ZABRISKIE David","USA","GARMIN - SLIPSTREAM","30","22:26:56","",
"undefinedFinal Classification","11 Oct 2009","","https://dataride.uci.ch/iframe/EventResults/140255?competitionId=43677&disciplineId=10","","","11-Oct-09","Paris-Tours Espoirs","https://dataride.uci.ch/iframe/CompetitionResults/43677?disciplineId=10","FRA","1.2U","1","40","ZINGLE Romain","BEL","","22","+2:44","",
"undefinedFinal Classification","11 Oct 2009","","https://dataride.uci.ch/iframe/EventResults/140255?competitionId=43677&disciplineId=10","","","11-Oct-09","Paris-Tours Espoirs","https://dataride.uci.ch/iframe/CompetitionResults/43677?disciplineId=10","FRA","1.2U","1","39","GOUJON Adrien","FRA","","20","+2:44","",
"undefinedFinal Classification","11 Oct 2009","","https://dataride.uci.ch/iframe/EventResults/140255?competitionId=43677&disciplineId=10","","","11-Oct-09","Paris-Tours Espoirs","https://dataride.uci.ch/iframe/CompetitionResults/43677?disciplineId=10","FRA","1.2U","1","38","COURTEILLE Arnaud","FRA","","20","+2:44","",
"undefinedFinal Classification","11 Oct 2009","","https://dataride.uci.ch/iframe/EventResults/140255?competitionId=43677&disciplineId=10","","","11-Oct-09","Paris-Tours Espoirs","https://dataride.uci.ch/iframe/CompetitionResults/43677?disciplineId=10","FRA","1.2U","1","37","HARDY Romain","FRA","","21","+2:44","",
"undefinedFinal Classification","11 Oct 2009","","https://dataride.uci.ch/iframe/EventResults/140255?competitionId=43677&disciplineId=10","","","11-Oct-09","Paris-Tours Espoirs","https://dataride.uci.ch/iframe/CompetitionResults/43677?disciplineId=10","FRA","1.2U","1","36","MOLMY Arnaud","FRA","","21","+2:44","",
"undefinedFinal Classification","11 Oct 2009","","https://dataride.uci.ch/iframe/EventResults/140255?competitionId=43677&disciplineId=10","","","11-Oct-09","Paris-Tours Espoirs","https://dataride.uci.ch/iframe/CompetitionResults/43677?disciplineId=10","FRA","1.2U","1","35","GOUGEARD Florent","FRA","","20","+2:44","",
"undefinedFinal Classification","11 Oct 2009","","https://dataride.uci.ch/iframe/EventResults/140255?competitionId=43677&disciplineId=10","","","11-Oct-09","Paris-Tours Espoirs","https://dataride.uci.ch/iframe/CompetitionResults/43677?disciplineId=10","FRA","1.2U","1","34","ROMAN Martial","FRA","","22","+2:44","",
"undefinedFinal Classification","11 Oct 2009","","https://dataride.uci.ch/iframe/EventResults/140255?competitionId=43677&disciplineId=10","","","11-Oct-09","Paris-Tours Espoirs","https://dataride.uci.ch/iframe/CompetitionResults/43677?disciplineId=10","FRA","1.2U","1","33","FOULDRIN Antoine","FRA","","21","+2:40","",
"undefinedFinal Classification","11 Oct 2009","","https://dataride.uci.ch/iframe/EventResults/140255?competitionId=43677&disciplineId=10","","","11-Oct-09","Paris-Tours Espoirs","https://dataride.uci.ch/iframe/CompetitionResults/43677?disciplineId=10","FRA","1.2U","1","32","BODIOT Alexis","FRA","","21","+2:12","",
"undefinedFinal Classification","11 Oct 2009","","https://dataride.uci.ch/iframe/EventResults/140255?competitionId=43677&disciplineId=10","","","11-Oct-09","Paris-Tours Espoirs","https://dataride.uci.ch/iframe/CompetitionResults/43677?disciplineId=10","FRA","1.2U","1","31","DESNIOU Mathieu","FRA","","21","+2:05","",
"undefinedFinal Classification","11 Oct 2009","","https://dataride.uci.ch/iframe/EventResults/140255?competitionId=43677&disciplineId=10","","","11-Oct-09","Paris-Tours Espoirs","https://dataride.uci.ch/iframe/CompetitionResults/43677?disciplineId=10","FRA","1.2U","1","30","GORICHON Antoine","FRA","","22","+2:05","",
"undefinedFinal Classification","11 Oct 2009","","https://dataride.uci.ch/iframe/EventResults/140255?competitionId=43677&disciplineId=10","","","11-Oct-09","Paris-Tours Espoirs","https://dataride.uci.ch/iframe/CompetitionResults/43677?disciplineId=10","FRA","1.2U","1","29","DE WINTER Walt","BEL","","21","+1:59","",
"undefinedFinal Classification","11 Oct 2009","","https://dataride.uci.ch/iframe/EventResults/140255?competitionId=43677&disciplineId=10","","","11-Oct-09","Paris-Tours Espoirs","https://dataride.uci.ch/iframe/CompetitionResults/43677?disciplineId=10","FRA","1.2U","1","28","DAMUSEAU Thomas","FRA","","20","+1:28","",
"undefinedFinal Classification","11 Oct 2009","","https://dataride.uci.ch/iframe/EventResults/140255?competitionId=43677&disciplineId=10","","","11-Oct-09","Paris-Tours Espoirs","https://dataride.uci.ch/iframe/CompetitionResults/43677?disciplineId=10","FRA","1.2U","1","27","RICORDEL Yannick","FRA","","21","+1:28","",
"undefinedFinal Classification","11 Oct 2009","","https://dataride.uci.ch/iframe/EventResults/140255?competitionId=43677&disciplineId=10","","","11-Oct-09","Paris-Tours Espoirs","https://dataride.uci.ch/iframe/CompetitionResults/43677?disciplineId=10","FRA","1.2U","1","26","BONNET Guillaume","FRA","","20","+1:28","",
"undefinedFinal Classification","11 Oct 2009","","https://dataride.uci.ch/iframe/EventResults/140255?competitionId=43677&disciplineId=10","","","11-Oct-09","Paris-Tours Espoirs","https://dataride.uci.ch/iframe/CompetitionResults/43677?disciplineId=10","FRA","1.2U","1","25","PERON Korantin","FRA","","20","+1:05","",
"undefinedFinal Classification","11 Oct 2009","","https://dataride.uci.ch/iframe/EventResults/140255?competitionId=43677&disciplineId=10","","","11-Oct-09","Paris-Tours Espoirs","https://dataride.uci.ch/iframe/CompetitionResults/43677?disciplineId=10","FRA","1.2U","1","24","PIERET Etienne","FRA","","21","+1:02","",
"undefinedFinal Classification","11 Oct 2009","","https://dataride.uci.ch/iframe/EventResults/140255?competitionId=43677&disciplineId=10","","","11-Oct-09","Paris-Tours Espoirs","https://dataride.uci.ch/iframe/CompetitionResults/43677?disciplineId=10","FRA","1.2U","1","23","BOIRE Sébastien","FRA","","22","+50","",
"undefinedFinal Classification","11 Oct 2009","","https://dataride.uci.ch/iframe/EventResults/140255?competitionId=43677&disciplineId=10","","","11-Oct-09","Paris-Tours Espoirs","https://dataride.uci.ch/iframe/CompetitionResults/43677?disciplineId=10","FRA","1.2U","1","22","GHYSELINCK Jan","BEL","","21","+50","",
"undefinedFinal Classification","11 Oct 2009","","https://dataride.uci.ch/iframe/EventResults/140255?competitionId=43677&disciplineId=10","","","11-Oct-09","Paris-Tours Espoirs","https://dataride.uci.ch/iframe/CompetitionResults/43677?disciplineId=10","FRA","1.2U","1","21","WIPPERT Wouter","NED","","19","+46","",
"undefinedFinal Classification","11 Oct 2009","","https://dataride.uci.ch/iframe/EventResults/140255?competitionId=43677&disciplineId=10","","","11-Oct-09","Paris-Tours Espoirs","https://dataride.uci.ch/iframe/CompetitionResults/43677?disciplineId=10","FRA","1.2U","1","20","GENIEZ Alexandre","FRA","","21","+46","",
"undefinedFinal Classification","11 Oct 2009","","https://dataride.uci.ch/iframe/EventResults/140255?competitionId=43677&disciplineId=10","","","11-Oct-09","Paris-Tours Espoirs","https://dataride.uci.ch/iframe/CompetitionResults/43677?disciplineId=10","FRA","1.2U","1","19","JODTS Sven","BEL","","21","+46","",
"undefinedFinal Classification","11 Oct 2009","","https://dataride.uci.ch/iframe/EventResults/140255?competitionId=43677&disciplineId=10","","","11-Oct-09","Paris-Tours Espoirs","https://dataride.uci.ch/iframe/CompetitionResults/43677?disciplineId=10","FRA","1.2U","1","18","JOSEPH Grégory","BEL","JONG VLAANDEREN - BAUKNECHT","21","+46","",
"undefinedFinal Classification","11 Oct 2009","","https://dataride.uci.ch/iframe/EventResults/140255?competitionId=43677&disciplineId=10","","","11-Oct-09","Paris-Tours Espoirs","https://dataride.uci.ch/iframe/CompetitionResults/43677?disciplineId=10","FRA","1.2U","1","17","LAMOISSON Morgan","FRA","","21","+46","",
"undefinedFinal Classification","11 Oct 2009","","https://dataride.uci.ch/iframe/EventResults/140255?competitionId=43677&disciplineId=10","","","11-Oct-09","Paris-Tours Espoirs","https://dataride.uci.ch/iframe/CompetitionResults/43677?disciplineId=10","FRA","1.2U","1","16","MARTINEZ Yannick","FRA","","21","+46","",
"undefinedFinal Classification","11 Oct 2009","","https://dataride.uci.ch/iframe/EventResults/140255?competitionId=43677&disciplineId=10","","","11-Oct-09","Paris-Tours Espoirs","https://dataride.uci.ch/iframe/CompetitionResults/43677?disciplineId=10","FRA","1.2U","1","15","WALLAYS Jelle","BEL","","20","+31","",
"undefinedFinal Classification","11 Oct 2009","","https://dataride.uci.ch/iframe/EventResults/140255?competitionId=43677&disciplineId=10","","","11-Oct-09","Paris-Tours Espoirs","https://dataride.uci.ch/iframe/CompetitionResults/43677?disciplineId=10","FRA","1.2U","1","14","CAMMAERTS Edwig","BEL","LOTTO - BODYSOL","22","+24","",
"undefinedFinal Classification","11 Oct 2009","","https://dataride.uci.ch/iframe/EventResults/140255?competitionId=43677&disciplineId=10","","","11-Oct-09","Paris-Tours Espoirs","https://dataride.uci.ch/iframe/CompetitionResults/43677?disciplineId=10","FRA","1.2U","1","13","REZA Kevin","FRA","","21","+21","",
"undefinedFinal Classification","11 Oct 2009","","https://dataride.uci.ch/iframe/EventResults/140255?competitionId=43677&disciplineId=10","","","11-Oct-09","Paris-Tours Espoirs","https://dataride.uci.ch/iframe/CompetitionResults/43677?disciplineId=10","FRA","1.2U","1","12","SALOMEIN Jarl","BEL","","20","+21","",
"undefinedFinal Classification","11 Oct 2009","","https://dataride.uci.ch/iframe/EventResults/140255?competitionId=43677&disciplineId=10","","","11-Oct-09","Paris-Tours Espoirs","https://dataride.uci.ch/iframe/CompetitionResults/43677?disciplineId=10","FRA","1.2U","1","11","DELAPLACE Anthony","FRA","","20","+15","",
"undefinedFinal Classification","11 Oct 2009","","https://dataride.uci.ch/iframe/EventResults/140255?competitionId=43677&disciplineId=10","","","11-Oct-09","Paris-Tours Espoirs","https://dataride.uci.ch/iframe/CompetitionResults/43677?disciplineId=10","FRA","1.2U","1","10","WELTER Thomas","FRA","","20","+15","",
"undefinedFinal Classification","11 Oct 2009","","https://dataride.uci.ch/iframe/EventResults/140255?competitionId=43677&disciplineId=10","","","11-Oct-09","Paris-Tours Espoirs","https://dataride.uci.ch/iframe/CompetitionResults/43677?disciplineId=10","FRA","1.2U","1","9","DESRIAC Loic","FRA","","20","+8","",
"undefinedFinal Classification","11 Oct 2009","","https://dataride.uci.ch/iframe/EventResults/140255?competitionId=43677&disciplineId=10","","","11-Oct-09","Paris-Tours Espoirs","https://dataride.uci.ch/iframe/CompetitionResults/43677?disciplineId=10","FRA","1.2U","1","8","PERICHON Pierre-Luc","FRA","","22","+5","",
"undefinedFinal Classification","11 Oct 2009","","https://dataride.uci.ch/iframe/EventResults/140255?competitionId=43677&disciplineId=10","","","11-Oct-09","Paris-Tours Espoirs","https://dataride.uci.ch/iframe/CompetitionResults/43677?disciplineId=10","FRA","1.2U","1","7","MORITZ Yann","FRA","","21","+5","",
"undefinedFinal Classification","11 Oct 2009","","https://dataride.uci.ch/iframe/EventResults/140255?competitionId=43677&disciplineId=10","","","11-Oct-09","Paris-Tours Espoirs","https://dataride.uci.ch/iframe/CompetitionResults/43677?disciplineId=10","FRA","1.2U","1","6","HUREL Tony","FRA","","22","+5","",
"undefinedFinal Classification","11 Oct 2009","","https://dataride.uci.ch/iframe/EventResults/140255?competitionId=43677&disciplineId=10","","","11-Oct-09","Paris-Tours Espoirs","https://dataride.uci.ch/iframe/CompetitionResults/43677?disciplineId=10","FRA","1.2U","1","5","JEANNIN Mickael","FRA","","22","+5","",
"undefinedFinal Classification","11 Oct 2009","","https://dataride.uci.ch/iframe/EventResults/140255?competitionId=43677&disciplineId=10","","","11-Oct-09","Paris-Tours Espoirs","https://dataride.uci.ch/iframe/CompetitionResults/43677?disciplineId=10","FRA","1.2U","1","4","DAUGA Vincent","FRA","","21","+5","",
"undefinedFinal Classification","11 Oct 2009","","https://dataride.uci.ch/iframe/EventResults/140255?competitionId=43677&disciplineId=10","","","11-Oct-09","Paris-Tours Espoirs","https://dataride.uci.ch/iframe/CompetitionResults/43677?disciplineId=10","FRA","1.2U","1","3","DAVID Nicolas","FRA","","21","+5","",
"undefinedFinal Classification","11 Oct 2009","","https://dataride.uci.ch/iframe/EventResults/140255?competitionId=43677&disciplineId=10","","","11-Oct-09","Paris-Tours Espoirs","https://dataride.uci.ch/iframe/CompetitionResults/43677?disciplineId=10","FRA","1.2U","1","2","BOECKMANS Kris","BEL","","22","+5","",
"undefinedFinal Classification","11 Oct 2009","","https://dataride.uci.ch/iframe/EventResults/140255?competitionId=43677&disciplineId=10","","","11-Oct-09","Paris-Tours Espoirs","https://dataride.uci.ch/iframe/CompetitionResults/43677?disciplineId=10","FRA","1.2U","1","1","HALLEGUEN Mathieu","FRA","","21","4:03:02","",
"Stage 4","10 Sep 2009","","https://dataride.uci.ch/iframe/EventResults/140556?competitionId=44809&disciplineId=10","https://dataride.uci.ch/iframe/EventResults/140558?competitionId=44809&disciplineId=10","https://dataride.uci.ch/iframe/EventResults/140555?competitionId=44809&disciplineId=10","07 Sep-13 Sep 2009","Tour of Missouri","https://dataride.uci.ch/iframe/CompetitionResults/44809?disciplineId=10","USA","2.HC","1","40","RAST Gregory","SUI","ASTANA","29","+26","",
"Stage 4","10 Sep 2009","","https://dataride.uci.ch/iframe/EventResults/140556?competitionId=44809&disciplineId=10","https://dataride.uci.ch/iframe/EventResults/140558?competitionId=44809&disciplineId=10","https://dataride.uci.ch/iframe/EventResults/140555?competitionId=44809&disciplineId=10","07 Sep-13 Sep 2009","Tour of Missouri","https://dataride.uci.ch/iframe/CompetitionResults/44809?disciplineId=10","USA","2.HC","1","39","COLBY Anthony","USA","COLAVITA / SUTTER HOME PRESENTED BY COOKING LIGHT","30","+26","",
"Stage 4","10 Sep 2009","","https://dataride.uci.ch/iframe/EventResults/140556?competitionId=44809&disciplineId=10","https://dataride.uci.ch/iframe/EventResults/140558?competitionId=44809&disciplineId=10","https://dataride.uci.ch/iframe/EventResults/140555?competitionId=44809&disciplineId=10","07 Sep-13 Sep 2009","Tour of Missouri","https://dataride.uci.ch/iframe/CompetitionResults/44809?disciplineId=10","USA","2.HC","1","38","WYSS Danilo","SUI","BMC RACING TEAM","24","+26","",
"Stage 4","10 Sep 2009","","https://dataride.uci.ch/iframe/EventResults/140556?competitionId=44809&disciplineId=10","https://dataride.uci.ch/iframe/EventResults/140558?competitionId=44809&disciplineId=10","https://dataride.uci.ch/iframe/EventResults/140555?competitionId=44809&disciplineId=10","07 Sep-13 Sep 2009","Tour of Missouri","https://dataride.uci.ch/iframe/CompetitionResults/44809?disciplineId=10","USA","2.HC","1","37","VANDBORG Brian","DEN","LIQUIGAS","28","+26","",
"Stage 4","10 Sep 2009","","https://dataride.uci.ch/iframe/EventResults/140556?competitionId=44809&disciplineId=10","https://dataride.uci.ch/iframe/EventResults/140558?competitionId=44809&disciplineId=10","https://dataride.uci.ch/iframe/EventResults/140555?competitionId=44809&disciplineId=10","07 Sep-13 Sep 2009","Tour of Missouri","https://dataride.uci.ch/iframe/CompetitionResults/44809?disciplineId=10","USA","2.HC","1","36","LARSSON Gustav","SWE","TEAM SAXO BANK","29","+26","",
"Stage 4","10 Sep 2009","","https://dataride.uci.ch/iframe/EventResults/140556?competitionId=44809&disciplineId=10","https://dataride.uci.ch/iframe/EventResults/140558?competitionId=44809&disciplineId=10","https://dataride.uci.ch/iframe/EventResults/140555?competitionId=44809&disciplineId=10","07 Sep-13 Sep 2009","Tour of Missouri","https://dataride.uci.ch/iframe/CompetitionResults/44809?disciplineId=10","USA","2.HC","1","35","PINOTTI Marco","ITA","TEAM COLUMBIA - HTC","33","+26","",
"Stage 4","10 Sep 2009","","https://dataride.uci.ch/iframe/EventResults/140556?competitionId=44809&disciplineId=10","https://dataride.uci.ch/iframe/EventResults/140558?competitionId=44809&disciplineId=10","https://dataride.uci.ch/iframe/EventResults/140555?competitionId=44809&disciplineId=10","07 Sep-13 Sep 2009","Tour of Missouri","https://dataride.uci.ch/iframe/CompetitionResults/44809?disciplineId=10","USA","2.HC","1","34","DONALD Jason","USA","GARMIN - SLIPSTREAM","29","+26","",
"Stage 4","10 Sep 2009","","https://dataride.uci.ch/iframe/EventResults/140556?competitionId=44809&disciplineId=10","https://dataride.uci.ch/iframe/EventResults/140558?competitionId=44809&disciplineId=10","https://dataride.uci.ch/iframe/EventResults/140555?competitionId=44809&disciplineId=10","07 Sep-13 Sep 2009","Tour of Missouri","https://dataride.uci.ch/iframe/CompetitionResults/44809?disciplineId=10","USA","2.HC","1","33","PIPP Frank Kevin","USA","BISSELL PRO CYCLING","32","+26","",
"Stage 4","10 Sep 2009","","https://dataride.uci.ch/iframe/EventResults/140556?competitionId=44809&disciplineId=10","https://dataride.uci.ch/iframe/EventResults/140558?competitionId=44809&disciplineId=10","https://dataride.uci.ch/iframe/EventResults/140555?competitionId=44809&disciplineId=10","07 Sep-13 Sep 2009","Tour of Missouri","https://dataride.uci.ch/iframe/CompetitionResults/44809?disciplineId=10","USA","2.HC","1","32","ROMERO AMARAN Luis","CUB","COLAVITA / SUTTER HOME PRESENTED BY COOKING LIGHT","30","+26","",
"Stage 4","10 Sep 2009","","https://dataride.uci.ch/iframe/EventResults/140556?competitionId=44809&disciplineId=10","https://dataride.uci.ch/iframe/EventResults/140558?competitionId=44809&disciplineId=10","https://dataride.uci.ch/iframe/EventResults/140555?competitionId=44809&disciplineId=10","07 Sep-13 Sep 2009","Tour of Missouri","https://dataride.uci.ch/iframe/CompetitionResults/44809?disciplineId=10","USA","2.HC","1","31","BOOKWALTER Brent","USA","BMC RACING TEAM","25","+26","",
"Stage 4","10 Sep 2009","","https://dataride.uci.ch/iframe/EventResults/140556?competitionId=44809&disciplineId=10","https://dataride.uci.ch/iframe/EventResults/140558?competitionId=44809&disciplineId=10","https://dataride.uci.ch/iframe/EventResults/140555?competitionId=44809&disciplineId=10","07 Sep-13 Sep 2009","Tour of Missouri","https://dataride.uci.ch/iframe/CompetitionResults/44809?disciplineId=10","USA","2.HC","1","30","HAEDO Lucas Sebastian","ARG","COLAVITA / SUTTER HOME PRESENTED BY COOKING LIGHT","26","+26","",
"Stage 4","10 Sep 2009","","https://dataride.uci.ch/iframe/EventResults/140556?competitionId=44809&disciplineId=10","https://dataride.uci.ch/iframe/EventResults/140558?competitionId=44809&disciplineId=10","https://dataride.uci.ch/iframe/EventResults/140555?competitionId=44809&disciplineId=10","07 Sep-13 Sep 2009","Tour of Missouri","https://dataride.uci.ch/iframe/CompetitionResults/44809?disciplineId=10","USA","2.HC","1","29","CORNU Dominique","BEL","QUICK STEP","24","+26","",
"Stage 4","10 Sep 2009","","https://dataride.uci.ch/iframe/EventResults/140556?competitionId=44809&disciplineId=10","https://dataride.uci.ch/iframe/EventResults/140558?competitionId=44809&disciplineId=10","https://dataride.uci.ch/iframe/EventResults/140555?competitionId=44809&disciplineId=10","07 Sep-13 Sep 2009","Tour of Missouri","https://dataride.uci.ch/iframe/CompetitionResults/44809?disciplineId=10","USA","2.HC","1","28","PATE Danny","USA","GARMIN - SLIPSTREAM","30","+26","",
"Stage 4","10 Sep 2009","","https://dataride.uci.ch/iframe/EventResults/140556?competitionId=44809&disciplineId=10","https://dataride.uci.ch/iframe/EventResults/140558?competitionId=44809&disciplineId=10","https://dataride.uci.ch/iframe/EventResults/140555?competitionId=44809&disciplineId=10","07 Sep-13 Sep 2009","Tour of Missouri","https://dataride.uci.ch/iframe/CompetitionResults/44809?disciplineId=10","USA","2.HC","1","27","KVIST Thomas Vedel","DEN","QUICK STEP","22","+26","",
"Stage 4","10 Sep 2009","","https://dataride.uci.ch/iframe/EventResults/140556?competitionId=44809&disciplineId=10","https://dataride.uci.ch/iframe/EventResults/140558?competitionId=44809&disciplineId=10","https://dataride.uci.ch/iframe/EventResults/140555?competitionId=44809&disciplineId=10","07 Sep-13 Sep 2009","Tour of Missouri","https://dataride.uci.ch/iframe/CompetitionResults/44809?disciplineId=10","USA","2.HC","1","26","ROBERT Frederique","BEL","QUICK STEP","20","+26","",
"Stage 4","10 Sep 2009","","https://dataride.uci.ch/iframe/EventResults/140556?competitionId=44809&disciplineId=10","https://dataride.uci.ch/iframe/EventResults/140558?competitionId=44809&disciplineId=10","https://dataride.uci.ch/iframe/EventResults/140555?competitionId=44809&disciplineId=10","07 Sep-13 Sep 2009","Tour of Missouri","https://dataride.uci.ch/iframe/CompetitionResults/44809?disciplineId=10","USA","2.HC","1","25","BOIVIN Guillaume","CAN","PLANET ENERGY","20","+26","",
"Stage 4","10 Sep 2009","","https://dataride.uci.ch/iframe/EventResults/140556?competitionId=44809&disciplineId=10","https://dataride.uci.ch/iframe/EventResults/140558?competitionId=44809&disciplineId=10","https://dataride.uci.ch/iframe/EventResults/140555?competitionId=44809&disciplineId=10","07 Sep-13 Sep 2009","Tour of Missouri","https://dataride.uci.ch/iframe/CompetitionResults/44809?disciplineId=10","USA","2.HC","1","24","MALACARNE Davide","ITA","QUICK STEP","22","+26","",
"Stage 4","10 Sep 2009","","https://dataride.uci.ch/iframe/EventResults/140556?competitionId=44809&disciplineId=10","https://dataride.uci.ch/iframe/EventResults/140558?competitionId=44809&disciplineId=10","https://dataride.uci.ch/iframe/EventResults/140555?competitionId=44809&disciplineId=10","07 Sep-13 Sep 2009","Tour of Missouri","https://dataride.uci.ch/iframe/CompetitionResults/44809?disciplineId=10","USA","2.HC","1","23","VEILLEUX David","CAN","KELLY BENEFIT STRATEGIES","22","+26","",
"Stage 4","10 Sep 2009","","https://dataride.uci.ch/iframe/EventResults/140556?competitionId=44809&disciplineId=10","https://dataride.uci.ch/iframe/EventResults/140558?competitionId=44809&disciplineId=10","https://dataride.uci.ch/iframe/EventResults/140555?competitionId=44809&disciplineId=10","07 Sep-13 Sep 2009","Tour of Missouri","https://dataride.uci.ch/iframe/CompetitionResults/44809?disciplineId=10","USA","2.HC","1","22","SEELDRAEYERS Kevin","BEL","QUICK STEP","23","+26","",
"Stage 4","10 Sep 2009","","https://dataride.uci.ch/iframe/EventResults/140556?competitionId=44809&disciplineId=10","https://dataride.uci.ch/iframe/EventResults/140558?competitionId=44809&disciplineId=10","https://dataride.uci.ch/iframe/EventResults/140555?competitionId=44809&disciplineId=10","07 Sep-13 Sep 2009","Tour of Missouri","https://dataride.uci.ch/iframe/CompetitionResults/44809?disciplineId=10","USA","2.HC","1","21","HINCAPIE George","USA","TEAM COLUMBIA - HTC","36","+26","",
"Stage 4","10 Sep 2009","","https://dataride.uci.ch/iframe/EventResults/140556?competitionId=44809&disciplineId=10","https://dataride.uci.ch/iframe/EventResults/140558?competitionId=44809&disciplineId=10","https://dataride.uci.ch/iframe/EventResults/140555?competitionId=44809&disciplineId=10","07 Sep-13 Sep 2009","Tour of Missouri","https://dataride.uci.ch/iframe/CompetitionResults/44809?disciplineId=10","USA","2.HC","1","20","BRAJKOVIC Janez","SLO","ASTANA","26","+26","",
"Stage 4","10 Sep 2009","","https://dataride.uci.ch/iframe/EventResults/140556?competitionId=44809&disciplineId=10","https://dataride.uci.ch/iframe/EventResults/140558?competitionId=44809&disciplineId=10","https://dataride.uci.ch/iframe/EventResults/140555?competitionId=44809&disciplineId=10","07 Sep-13 Sep 2009","Tour of Missouri","https://dataride.uci.ch/iframe/CompetitionResults/44809?disciplineId=10","USA","2.HC","1","19","FRATTINI Davide","ITA","COLAVITA / SUTTER HOME PRESENTED BY COOKING LIGHT","31","+26","",
"Stage 4","10 Sep 2009","","https://dataride.uci.ch/iframe/EventResults/140556?competitionId=44809&disciplineId=10","https://dataride.uci.ch/iframe/EventResults/140558?competitionId=44809&disciplineId=10","https://dataride.uci.ch/iframe/EventResults/140555?competitionId=44809&disciplineId=10","07 Sep-13 Sep 2009","Tour of Missouri","https://dataride.uci.ch/iframe/CompetitionResults/44809?disciplineId=10","USA","2.HC","1","18","CANDELARIO Alexander","USA","KELLY BENEFIT STRATEGIES","34","+26","",
"Stage 4","10 Sep 2009","","https://dataride.uci.ch/iframe/EventResults/140556?competitionId=44809&disciplineId=10","https://dataride.uci.ch/iframe/EventResults/140558?competitionId=44809&disciplineId=10","https://dataride.uci.ch/iframe/EventResults/140555?competitionId=44809&disciplineId=10","07 Sep-13 Sep 2009","Tour of Missouri","https://dataride.uci.ch/iframe/CompetitionResults/44809?disciplineId=10","USA","2.HC","1","17","OSS Daniel","ITA","LIQUIGAS","22","+26","",
"Stage 4","10 Sep 2009","","https://dataride.uci.ch/iframe/EventResults/140556?competitionId=44809&disciplineId=10","https://dataride.uci.ch/iframe/EventResults/140558?competitionId=44809&disciplineId=10","https://dataride.uci.ch/iframe/EventResults/140555?competitionId=44809&disciplineId=10","07 Sep-13 Sep 2009","Tour of Missouri","https://dataride.uci.ch/iframe/CompetitionResults/44809?disciplineId=10","USA","2.HC","1","16","CRUZ Antonio","USA","BMC RACING TEAM","38","+26","",
"Stage 4","10 Sep 2009","","https://dataride.uci.ch/iframe/EventResults/140556?competitionId=44809&disciplineId=10","https://dataride.uci.ch/iframe/EventResults/140558?competitionId=44809&disciplineId=10","https://dataride.uci.ch/iframe/EventResults/140555?competitionId=44809&disciplineId=10","07 Sep-13 Sep 2009","Tour of Missouri","https://dataride.uci.ch/iframe/CompetitionResults/44809?disciplineId=10","USA","2.HC","1","15","WHITE Bradley","USA","OUCH PRESENTED BY MAXXIS","27","+25","",
"Stage 4","10 Sep 2009","","https://dataride.uci.ch/iframe/EventResults/140556?competitionId=44809&disciplineId=10","https://dataride.uci.ch/iframe/EventResults/140558?competitionId=44809&disciplineId=10","https://dataride.uci.ch/iframe/EventResults/140555?competitionId=44809&disciplineId=10","07 Sep-13 Sep 2009","Tour of Missouri","https://dataride.uci.ch/iframe/CompetitionResults/44809?disciplineId=10","USA","2.HC","1","14","REIJNEN Kiel","USA","JELLY BELLY CYCLING TEAM","23","+25","",
"Stage 4","10 Sep 2009","","https://dataride.uci.ch/iframe/EventResults/140556?competitionId=44809&disciplineId=10","https://dataride.uci.ch/iframe/EventResults/140558?competitionId=44809&disciplineId=10","https://dataride.uci.ch/iframe/EventResults/140555?competitionId=44809&disciplineId=10","07 Sep-13 Sep 2009","Tour of Missouri","https://dataride.uci.ch/iframe/CompetitionResults/44809?disciplineId=10","USA","2.HC","1","13","WILSON Matthew","AUS","TEAM TYPE 1","32","+24","",
"Stage 4","10 Sep 2009","","https://dataride.uci.ch/iframe/EventResults/140556?competitionId=44809&disciplineId=10","https://dataride.uci.ch/iframe/EventResults/140558?competitionId=44809&disciplineId=10","https://dataride.uci.ch/iframe/EventResults/140555?competitionId=44809&disciplineId=10","07 Sep-13 Sep 2009","Tour of Missouri","https://dataride.uci.ch/iframe/CompetitionResults/44809?disciplineId=10","USA","2.HC","1","12","BAK YTTING Lars","DEN","TEAM SAXO BANK","29","+24","",
"Stage 4","10 Sep 2009","","https://dataride.uci.ch/iframe/EventResults/140556?competitionId=44809&disciplineId=10","https://dataride.uci.ch/iframe/EventResults/140558?competitionId=44809&disciplineId=10","https://dataride.uci.ch/iframe/EventResults/140555?competitionId=44809&disciplineId=10","07 Sep-13 Sep 2009","Tour of Missouri","https://dataride.uci.ch/iframe/CompetitionResults/44809?disciplineId=10","USA","2.HC","1","11","DUGGAN Timothy","USA","GARMIN - SLIPSTREAM","27","+23","",
"Stage 4","10 Sep 2009","","https://dataride.uci.ch/iframe/EventResults/140556?competitionId=44809&disciplineId=10","https://dataride.uci.ch/iframe/EventResults/140558?competitionId=44809&disciplineId=10","https://dataride.uci.ch/iframe/EventResults/140555?competitionId=44809&disciplineId=10","07 Sep-13 Sep 2009","Tour of Missouri","https://dataride.uci.ch/iframe/CompetitionResults/44809?disciplineId=10","USA","2.HC","1","10","ROGERS Michael","AUS","TEAM COLUMBIA - HTC","30","+23","",
"Stage 4","10 Sep 2009","","https://dataride.uci.ch/iframe/EventResults/140556?competitionId=44809&disciplineId=10","https://dataride.uci.ch/iframe/EventResults/140558?competitionId=44809&disciplineId=10","https://dataride.uci.ch/iframe/EventResults/140555?competitionId=44809&disciplineId=10","07 Sep-13 Sep 2009","Tour of Missouri","https://dataride.uci.ch/iframe/CompetitionResults/44809?disciplineId=10","USA","2.HC","1","9","SÖRENSEN Chris Anker","DEN","TEAM SAXO BANK","25","+22","",
"Stage 4","10 Sep 2009","","https://dataride.uci.ch/iframe/EventResults/140556?competitionId=44809&disciplineId=10","https://dataride.uci.ch/iframe/EventResults/140558?competitionId=44809&disciplineId=10","https://dataride.uci.ch/iframe/EventResults/140555?competitionId=44809&disciplineId=10","07 Sep-13 Sep 2009","Tour of Missouri","https://dataride.uci.ch/iframe/CompetitionResults/44809?disciplineId=10","USA","2.HC","1","8","LOUDER Jeff","USA","BMC RACING TEAM","32","+21","",
"Stage 4","10 Sep 2009","","https://dataride.uci.ch/iframe/EventResults/140556?competitionId=44809&disciplineId=10","https://dataride.uci.ch/iframe/EventResults/140558?competitionId=44809&disciplineId=10","https://dataride.uci.ch/iframe/EventResults/140555?competitionId=44809&disciplineId=10","07 Sep-13 Sep 2009","Tour of Missouri","https://dataride.uci.ch/iframe/CompetitionResults/44809?disciplineId=10","USA","2.HC","1","7","CREED Michael","USA","TEAM TYPE 1","28","+21","",
"Stage 4","10 Sep 2009","","https://dataride.uci.ch/iframe/EventResults/140556?competitionId=44809&disciplineId=10","https://dataride.uci.ch/iframe/EventResults/140558?competitionId=44809&disciplineId=10","https://dataride.uci.ch/iframe/EventResults/140555?competitionId=44809&disciplineId=10","07 Sep-13 Sep 2009","Tour of Missouri","https://dataride.uci.ch/iframe/CompetitionResults/44809?disciplineId=10","USA","2.HC","1","6","VAITKUS Tomas","LTU","ASTANA","27","+20","",
"Stage 4","10 Sep 2009","","https://dataride.uci.ch/iframe/EventResults/140556?competitionId=44809&disciplineId=10","https://dataride.uci.ch/iframe/EventResults/140558?competitionId=44809&disciplineId=10","https://dataride.uci.ch/iframe/EventResults/140555?competitionId=44809&disciplineId=10","07 Sep-13 Sep 2009","Tour of Missouri","https://dataride.uci.ch/iframe/CompetitionResults/44809?disciplineId=10","USA","2.HC","1","5","FRIEDMAN Michael","USA","GARMIN - SLIPSTREAM","27","+20","",
"Stage 4","10 Sep 2009","","https://dataride.uci.ch/iframe/EventResults/140556?competitionId=44809&disciplineId=10","https://dataride.uci.ch/iframe/EventResults/140558?competitionId=44809&disciplineId=10","https://dataride.uci.ch/iframe/EventResults/140555?competitionId=44809&disciplineId=10","07 Sep-13 Sep 2009","Tour of Missouri","https://dataride.uci.ch/iframe/CompetitionResults/44809?disciplineId=10","USA","2.HC","1","4","ALDAPE CHAVEZ Moises","MEX","TEAM TYPE 1","28","+18","",
"Stage 4","10 Sep 2009","","https://dataride.uci.ch/iframe/EventResults/140556?competitionId=44809&disciplineId=10","https://dataride.uci.ch/iframe/EventResults/140558?competitionId=44809&disciplineId=10","https://dataride.uci.ch/iframe/EventResults/140555?competitionId=44809&disciplineId=10","07 Sep-13 Sep 2009","Tour of Missouri","https://dataride.uci.ch/iframe/CompetitionResults/44809?disciplineId=10","USA","2.HC","1","3","CATALDO Dario","ITA","QUICK STEP","24","+18","",
"Stage 4","10 Sep 2009","","https://dataride.uci.ch/iframe/EventResults/140556?competitionId=44809&disciplineId=10","https://dataride.uci.ch/iframe/EventResults/140558?competitionId=44809&disciplineId=10","https://dataride.uci.ch/iframe/EventResults/140555?competitionId=44809&disciplineId=10","07 Sep-13 Sep 2009","Tour of Missouri","https://dataride.uci.ch/iframe/CompetitionResults/44809?disciplineId=10","USA","2.HC","1","2","HUSHOVD Thor","NOR","CERVELO TEST TEAM","31","+0","",
"Stage 4","10 Sep 2009","","https://dataride.uci.ch/iframe/EventResults/140556?competitionId=44809&disciplineId=10","https://dataride.uci.ch/iframe/EventResults/140558?competitionId=44809&disciplineId=10","https://dataride.uci.ch/iframe/EventResults/140555?competitionId=44809&disciplineId=10","07 Sep-13 Sep 2009","Tour of Missouri","https://dataride.uci.ch/iframe/CompetitionResults/44809?disciplineId=10","USA","2.HC","1","1","HAEDO Juan José","ARG","TEAM SAXO BANK","28","15:35:08","",
